"num_item_id","definition","type","category","12","13","14","15","16","17","18","19","20","21","22","23","24","25","26","27","28","29","30"
1,"baa baa","word","sounds",0.15,0.2,0.29,0.46,0.47,0.57,0.62,0.62,0.69,0.66,0.79,0.8,0.84,0.86,0.83,0.92,0.9,0.91,0.89
2,"choo choo","word","sounds",0,0.02,0.09,0.13,0.13,0.21,0.37,0.44,0.38,0.44,0.62,0.61,0.64,0.67,0.71,0.86,0.78,0.8,0.77
3,"cockadoodledoo","word","sounds",0,0.02,0.04,0.04,0.05,0.12,0.13,0.14,0.19,0.31,0.32,0.35,0.38,0.34,0.49,0.49,0.55,0.52,0.6
4,"grr","word","sounds",0.13,0.14,0.31,0.32,0.35,0.47,0.58,0.65,0.58,0.63,0.81,0.68,0.72,0.75,0.73,0.79,0.85,0.75,0.81
5,"meow","word","sounds",0.03,0.09,0.14,0.22,0.2,0.41,0.53,0.56,0.64,0.71,0.84,0.82,0.83,0.85,0.91,0.92,0.93,0.94,0.92
6,"moo","word","sounds",0,0.12,0.23,0.29,0.38,0.57,0.54,0.72,0.74,0.75,0.88,0.83,0.86,0.93,0.95,0.96,0.94,0.94,0.96
7,"ouch","word","sounds",0.01,0.12,0.11,0.17,0.22,0.3,0.39,0.52,0.59,0.6,0.77,0.75,0.76,0.81,0.84,0.86,0.87,0.83,0.87
8,"quack quack","word","sounds",0.04,0.06,0.28,0.22,0.25,0.44,0.61,0.63,0.74,0.78,0.88,0.83,0.79,0.88,0.88,0.93,0.94,0.91,0.96
9,"uh oh","word","sounds",0.14,0.28,0.41,0.57,0.52,0.66,0.77,0.74,0.86,0.82,0.86,0.86,0.8,0.88,0.94,0.93,0.9,0.86,0.91
10,"vroom/broom","word","sounds",0.18,0.11,0.24,0.32,0.32,0.44,0.59,0.63,0.59,0.62,0.77,0.7,0.71,0.69,0.79,0.82,0.84,0.85,0.83
11,"woof woof","word","sounds",0.08,0.2,0.32,0.42,0.58,0.64,0.74,0.74,0.74,0.82,0.93,0.86,0.89,0.93,0.91,0.89,0.97,0.91,1
12,"yum yum","word","sounds",0.08,0.22,0.28,0.33,0.38,0.48,0.62,0.71,0.72,0.74,0.75,0.82,0.72,0.79,0.82,0.88,0.9,0.86,0.91
13,"animal","word","animals",0,0,0.02,0.03,0.03,0.01,0.04,0.11,0.17,0.18,0.27,0.35,0.36,0.46,0.47,0.69,0.52,0.65,0.74
14,"ant","word","animals",0,0,0.02,0.03,0.03,0.08,0.06,0.15,0.17,0.13,0.41,0.39,0.41,0.49,0.52,0.69,0.54,0.63,0.83
15,"bear","word","animals",0,0.03,0.08,0.06,0.23,0.31,0.29,0.46,0.49,0.47,0.75,0.72,0.74,0.76,0.75,0.82,0.82,0.83,0.91
16,"bee","word","animals",0,0.02,0.05,0.07,0.23,0.2,0.3,0.39,0.49,0.46,0.7,0.66,0.68,0.75,0.74,0.88,0.88,0.85,0.94
17,"bird","word","animals",0.11,0.12,0.25,0.25,0.35,0.51,0.58,0.73,0.82,0.69,0.89,0.92,0.84,0.88,0.92,0.96,0.94,0.97,0.98
18,"bug","word","animals",0,0.02,0.03,0.03,0.05,0.07,0.1,0.12,0.19,0.21,0.37,0.42,0.34,0.44,0.52,0.58,0.58,0.58,0.74
19,"bunny/rabbit","word","animals",0,0.03,0.03,0.07,0.08,0.13,0.27,0.31,0.47,0.34,0.67,0.66,0.68,0.72,0.81,0.93,0.81,0.94,0.96
20,"butterfly","word","animals",0,0,0.05,0.04,0.07,0.1,0.17,0.3,0.27,0.44,0.55,0.62,0.63,0.68,0.7,0.82,0.78,0.8,0.89
21,"(pussy)cat","word","animals",0.08,0.12,0.23,0.23,0.27,0.38,0.5,0.63,0.67,0.69,0.82,0.89,0.83,0.87,0.92,0.94,0.91,0.95,0.98
22,"donkey","word","animals",0,0,0.02,0.01,0.02,0.04,0.04,0.1,0.14,0.21,0.27,0.37,0.39,0.39,0.47,0.5,0.54,0.48,0.51
23,"duck","word","animals",0.1,0.12,0.24,0.32,0.28,0.52,0.59,0.71,0.88,0.78,0.9,0.89,0.86,0.92,0.87,0.97,0.94,0.97,0.98
24,"elephant","word","animals",0,0,0.04,0.04,0.07,0.05,0.12,0.22,0.32,0.31,0.49,0.56,0.55,0.66,0.75,0.83,0.84,0.86,0.89
25,"fish","word","animals",0.01,0.06,0.18,0.16,0.25,0.38,0.43,0.61,0.77,0.69,0.86,0.89,0.82,0.89,0.88,0.93,0.93,0.95,0.96
26,"frog","word","animals",0,0.03,0.05,0.07,0.08,0.15,0.21,0.3,0.47,0.4,0.71,0.68,0.7,0.76,0.75,0.82,0.87,0.85,0.96
27,"giraffe","word","animals",0,0,0.03,0.07,0.07,0.09,0.16,0.16,0.23,0.32,0.45,0.51,0.57,0.62,0.68,0.81,0.69,0.82,0.83
28,"goose","word","animals",0,0,0.03,0.01,0,0.03,0.01,0.05,0.09,0.09,0.19,0.17,0.26,0.28,0.27,0.38,0.34,0.31,0.43
29,"horse","word","animals",0,0,0.06,0.06,0.12,0.15,0.17,0.38,0.47,0.56,0.77,0.82,0.7,0.76,0.78,0.89,0.9,0.86,0.91
30,"kangaroo/roo","word","animals",0,0,0.03,0.03,0.03,0.07,0.08,0.16,0.27,0.31,0.42,0.51,0.53,0.62,0.69,0.81,0.75,0.68,0.83
31,"owl","word","animals",0,0.02,0.05,0.04,0.07,0.05,0.05,0.17,0.23,0.24,0.41,0.38,0.42,0.53,0.53,0.62,0.58,0.65,0.79
32,"penguin","word","animals",0,0,0.02,0.03,0.03,0.02,0.07,0.09,0.17,0.19,0.29,0.39,0.45,0.46,0.53,0.69,0.6,0.63,0.72
33,"pig","word","animals",0,0.02,0.09,0.1,0.12,0.17,0.22,0.4,0.51,0.46,0.74,0.7,0.7,0.79,0.84,0.88,0.93,0.91,0.98
34,"pony","word","animals",0,0,0.01,0.03,0.02,0.05,0.03,0.09,0.14,0.18,0.25,0.28,0.24,0.22,0.32,0.43,0.31,0.34,0.47
35,"possum","word","animals",0,0,0.02,0.04,0.03,0.01,0.03,0.05,0.04,0.07,0.08,0.18,0.18,0.27,0.26,0.36,0.28,0.26,0.32
36,"puppy","word","animals",0.04,0.06,0.19,0.2,0.2,0.26,0.3,0.41,0.49,0.65,0.75,0.63,0.74,0.65,0.68,0.86,0.75,0.83,0.83
37,"sheep","word","animals",0,0.02,0.05,0.06,0.08,0.11,0.11,0.28,0.4,0.4,0.59,0.61,0.61,0.74,0.77,0.93,0.84,0.83,0.87
38,"snake","word","animals",0.01,0,0.04,0.04,0.12,0.1,0.11,0.26,0.31,0.41,0.6,0.58,0.66,0.68,0.7,0.83,0.87,0.82,0.87
39,"spider","word","animals",0,0,0.06,0.04,0.05,0.09,0.13,0.25,0.35,0.26,0.55,0.59,0.57,0.65,0.71,0.89,0.87,0.82,0.89
40,"cockroach","word","animals",0,0,0.03,0.01,0,0.01,0.01,0.06,0.05,0.07,0.1,0.17,0.2,0.19,0.3,0.49,0.33,0.37,0.43
41,"cow","word","animals",0,0.02,0.1,0.06,0.12,0.19,0.25,0.5,0.62,0.54,0.74,0.72,0.72,0.87,0.84,0.93,0.9,0.89,0.96
42,"crocodile","word","animals",0,0,0.03,0.04,0.03,0.07,0.11,0.17,0.19,0.25,0.49,0.51,0.57,0.55,0.61,0.82,0.73,0.75,0.83
43,"deer","word","animals",0,0.02,0.01,0,0.03,0.02,0.02,0.04,0.06,0.09,0.12,0.17,0.2,0.24,0.18,0.28,0.27,0.28,0.38
44,"dog","word","animals",0.07,0.23,0.38,0.39,0.45,0.53,0.51,0.7,0.83,0.82,0.89,0.89,0.86,0.92,0.87,0.96,0.97,0.92,0.98
45,"koala","word","animals",0,0,0.02,0.03,0.08,0.02,0.13,0.14,0.17,0.25,0.41,0.39,0.37,0.49,0.52,0.72,0.64,0.65,0.77
46,"lamb","word","animals",0,0.02,0.03,0.03,0.02,0.02,0.05,0.06,0.12,0.19,0.25,0.3,0.32,0.27,0.39,0.43,0.49,0.42,0.55
47,"lion","word","animals",0,0,0.03,0.04,0.05,0.1,0.14,0.27,0.27,0.41,0.56,0.52,0.64,0.68,0.75,0.85,0.84,0.78,0.89
48,"monkey","word","animals",0,0,0.05,0.06,0.05,0.12,0.17,0.28,0.35,0.44,0.58,0.66,0.67,0.75,0.78,0.89,0.9,0.86,0.92
49,"mouse","word","animals",0,0.02,0.03,0.03,0.05,0.06,0.1,0.17,0.29,0.31,0.59,0.55,0.5,0.62,0.62,0.76,0.76,0.74,0.85
50,"tiger","word","animals",0.01,0,0.05,0.06,0.07,0.14,0.2,0.26,0.32,0.41,0.59,0.59,0.61,0.72,0.74,0.88,0.85,0.85,0.91
51,"turkey","word","animals",0,0,0.01,0,0.03,0,0,0.04,0.05,0.1,0.11,0.15,0.2,0.15,0.22,0.28,0.24,0.29,0.25
52,"turtle","word","animals",0,0.06,0.05,0.1,0.13,0.11,0.17,0.27,0.36,0.29,0.53,0.55,0.61,0.6,0.77,0.81,0.76,0.74,0.77
53,"wombat","word","animals",0,0,0.03,0.03,0.03,0.01,0.04,0.06,0.04,0.12,0.16,0.2,0.21,0.22,0.27,0.38,0.31,0.35,0.47
54,"zebra","word","animals",0,0,0.03,0.04,0.05,0.06,0.06,0.15,0.1,0.18,0.27,0.41,0.36,0.48,0.52,0.69,0.57,0.65,0.66
55,"(air)plane","word","vehicles",0.01,0.08,0.12,0.12,0.25,0.29,0.42,0.54,0.65,0.6,0.86,0.87,0.8,0.86,0.96,0.97,0.91,0.95,0.98
56,"bicycle/bike","word","vehicles",0.01,0,0.08,0.13,0.18,0.26,0.39,0.52,0.68,0.57,0.82,0.77,0.86,0.81,0.86,0.94,0.97,0.91,0.98
57,"boat","word","vehicles",0,0.02,0.05,0.09,0.12,0.22,0.28,0.44,0.53,0.6,0.7,0.76,0.79,0.8,0.83,0.96,0.91,0.89,0.96
58,"bus","word","vehicles",0,0.05,0.07,0.09,0.13,0.27,0.33,0.52,0.63,0.54,0.81,0.79,0.8,0.79,0.86,0.96,0.91,0.91,0.92
59,"car","word","vehicles",0.07,0.14,0.38,0.39,0.48,0.56,0.72,0.81,0.94,0.88,0.96,0.93,0.96,0.98,0.96,0.97,0.97,0.95,1
60,"fire truck/engine","word","vehicles",0,0,0.01,0.03,0.07,0.05,0.07,0.22,0.12,0.19,0.36,0.42,0.43,0.46,0.55,0.68,0.69,0.68,0.66
61,"helicopter","word","vehicles",0,0,0.05,0.04,0.07,0.07,0.12,0.19,0.24,0.24,0.38,0.48,0.53,0.52,0.68,0.75,0.73,0.72,0.85
62,"motorbike","word","vehicles",0,0,0.03,0.06,0.08,0.05,0.11,0.23,0.26,0.28,0.48,0.42,0.42,0.51,0.62,0.78,0.7,0.71,0.77
63,"pram","word","vehicles",0,0,0.05,0.06,0.12,0.09,0.22,0.38,0.41,0.4,0.55,0.59,0.54,0.66,0.7,0.78,0.75,0.78,0.85
64,"stroller","word","vehicles",0,0,0.02,0.04,0,0.05,0.05,0.07,0.21,0.18,0.21,0.35,0.29,0.34,0.4,0.42,0.37,0.34,0.43
65,"tractor","word","vehicles",0,0,0.02,0.04,0.02,0.05,0.12,0.19,0.21,0.19,0.34,0.48,0.41,0.44,0.55,0.54,0.69,0.6,0.62
66,"train","word","vehicles",0,0,0.05,0.04,0.1,0.13,0.28,0.45,0.53,0.5,0.75,0.77,0.78,0.8,0.9,0.96,0.87,0.94,0.92
67,"three wheeler/tricycle","word","vehicles",0,0.03,0,0.01,0,0.02,0.04,0.02,0.05,0.06,0.08,0.06,0.11,0.16,0.14,0.28,0.19,0.18,0.21
68,"truck","word","vehicles",0,0.05,0.14,0.16,0.22,0.29,0.44,0.55,0.69,0.65,0.86,0.83,0.76,0.85,0.92,0.96,0.85,0.95,0.92
69,"ball","word","toys",0.14,0.17,0.41,0.48,0.65,0.7,0.78,0.89,0.99,0.88,0.97,0.99,0.96,0.99,0.97,0.97,1,0.97,1
70,"balloon","word","toys",0.01,0.06,0.12,0.09,0.3,0.37,0.47,0.58,0.64,0.65,0.85,0.87,0.82,0.87,0.91,0.94,0.93,0.88,0.98
71,"bat","word","toys",0,0.02,0.04,0.04,0.05,0.05,0.06,0.1,0.17,0.12,0.26,0.3,0.32,0.33,0.43,0.51,0.48,0.55,0.64
72,"block/brick","word","toys",0,0,0.03,0.04,0.07,0.08,0.18,0.27,0.36,0.38,0.47,0.56,0.55,0.64,0.62,0.75,0.73,0.75,0.87
73,"book","word","toys",0.1,0.09,0.22,0.33,0.47,0.44,0.61,0.76,0.82,0.75,0.95,0.94,0.91,0.96,0.94,0.97,0.96,0.94,0.98
74,"bubbles","word","toys",0,0.08,0.12,0.13,0.2,0.31,0.43,0.5,0.65,0.54,0.75,0.82,0.78,0.87,0.91,0.96,0.94,0.97,0.94
75,"crayon","word","toys",0,0,0.02,0.04,0,0.04,0.1,0.1,0.15,0.21,0.25,0.32,0.33,0.46,0.45,0.62,0.51,0.62,0.62
76,"doll","word","toys",0,0.02,0.05,0.12,0.1,0.18,0.25,0.38,0.49,0.44,0.59,0.58,0.67,0.65,0.68,0.78,0.73,0.8,0.85
77,"game","word","toys",0,0,0.01,0.03,0.02,0.02,0.02,0.04,0.14,0.12,0.27,0.37,0.29,0.34,0.38,0.53,0.52,0.62,0.74
78,"glue","word","toys",0,0,0,0.01,0.03,0.02,0.01,0.06,0.06,0.12,0.19,0.25,0.2,0.24,0.31,0.44,0.39,0.54,0.58
79,"pen","word","toys",0,0.02,0.03,0.04,0.07,0.08,0.15,0.27,0.31,0.38,0.45,0.63,0.58,0.62,0.62,0.83,0.61,0.75,0.85
80,"play dough","word","toys",0,0,0.02,0.04,0.05,0.06,0.09,0.06,0.21,0.24,0.4,0.45,0.42,0.49,0.65,0.67,0.73,0.69,0.75
81,"present/pressie","word","toys",0,0,0.02,0.04,0.03,0.01,0.06,0.1,0.18,0.18,0.29,0.48,0.45,0.55,0.69,0.69,0.63,0.82,0.89
82,"puzzle","word","toys",0,0,0.01,0.01,0.03,0.04,0.06,0.12,0.18,0.24,0.37,0.42,0.46,0.53,0.56,0.72,0.66,0.72,0.83
83,"story","word","toys",0,0,0.02,0.06,0,0.07,0.11,0.19,0.36,0.38,0.42,0.56,0.59,0.58,0.66,0.75,0.82,0.82,0.94
84,"teddy bear","word","toys",0.03,0.06,0.08,0.1,0.28,0.28,0.43,0.56,0.64,0.57,0.73,0.76,0.72,0.85,0.86,0.88,0.91,0.89,0.94
85,"toy","word","toys",0.01,0.02,0.06,0.07,0.08,0.11,0.17,0.29,0.41,0.4,0.56,0.68,0.61,0.65,0.77,0.83,0.84,0.85,0.94
86,"apple","word","food_drink",0,0.09,0.09,0.1,0.25,0.33,0.38,0.59,0.71,0.66,0.85,0.86,0.83,0.91,0.91,0.97,0.94,0.94,0.96
87,"banana","word","food_drink",0.07,0.11,0.28,0.39,0.52,0.6,0.74,0.76,0.88,0.75,0.95,0.92,0.88,0.92,0.96,0.99,0.96,0.94,0.96
88,"beans","word","food_drink",0.01,0,0.04,0.01,0.08,0.06,0.12,0.15,0.12,0.16,0.34,0.38,0.42,0.4,0.44,0.58,0.4,0.68,0.66
89,"biscuit/bickie","word","food_drink",0.01,0.08,0.09,0.14,0.25,0.33,0.45,0.64,0.82,0.68,0.86,0.9,0.84,0.85,0.87,0.94,0.94,0.91,0.94
90,"bread","word","food_drink",0,0,0.05,0.07,0.08,0.12,0.21,0.35,0.51,0.54,0.67,0.7,0.64,0.71,0.84,0.85,0.84,0.86,0.91
91,"butter","word","food_drink",0,0,0.03,0.06,0.02,0.07,0.07,0.15,0.24,0.24,0.42,0.42,0.49,0.49,0.51,0.68,0.63,0.75,0.68
92,"cake","word","food_drink",0,0.02,0.06,0.06,0.07,0.14,0.27,0.39,0.47,0.51,0.68,0.75,0.8,0.79,0.84,0.92,0.9,0.86,0.94
93,"carrot","word","food_drink",0,0,0.02,0.04,0.07,0.07,0.09,0.17,0.26,0.29,0.45,0.48,0.5,0.62,0.68,0.82,0.73,0.85,0.87
94,"cereal","word","food_drink",0,0,0.03,0.04,0,0.09,0.08,0.12,0.18,0.26,0.23,0.39,0.37,0.44,0.45,0.65,0.52,0.57,0.7
95,"cheese","word","food_drink",0,0.05,0.15,0.14,0.28,0.38,0.52,0.65,0.78,0.68,0.82,0.87,0.83,0.86,0.87,0.9,0.88,0.95,0.92
96,"chicken","word","food_drink",0,0.03,0.05,0.04,0.03,0.11,0.17,0.23,0.4,0.38,0.58,0.65,0.55,0.71,0.74,0.82,0.79,0.91,0.92
97,"chocolate","word","food_drink",0,0.02,0.05,0.04,0.08,0.06,0.14,0.28,0.35,0.43,0.55,0.72,0.61,0.72,0.73,0.82,0.85,0.86,0.92
98,"chewing gum/chewie","word","food_drink",0,0,0.01,0.01,0,0.01,0,0.01,0.04,0.01,0.08,0.08,0.07,0.08,0.04,0.14,0.04,0.14,0.17
99,"coffee","word","food_drink",0,0,0.02,0.04,0.05,0.05,0.08,0.15,0.14,0.22,0.33,0.51,0.43,0.46,0.44,0.6,0.73,0.65,0.75
100,"coke","word","food_drink",0,0,0.02,0,0.05,0.01,0.02,0.04,0.09,0.1,0.18,0.2,0.14,0.19,0.21,0.29,0.33,0.29,0.28
101,"cordial","word","food_drink",0,0,0.01,0.01,0,0.01,0.03,0.05,0.08,0.09,0.1,0.08,0.12,0.14,0.16,0.22,0.25,0.25,0.26
102,"corn","word","food_drink",0,0,0.05,0.09,0.08,0.1,0.13,0.26,0.21,0.22,0.42,0.49,0.42,0.54,0.6,0.71,0.57,0.75,0.83
103,"fish","word","food_drink",0.01,0.03,0.05,0.1,0.1,0.23,0.29,0.37,0.54,0.44,0.77,0.77,0.58,0.73,0.78,0.86,0.79,0.83,0.96
104,"food","word","food_drink",0.01,0.05,0.04,0.06,0.05,0.08,0.07,0.18,0.23,0.26,0.27,0.51,0.46,0.56,0.64,0.72,0.69,0.77,0.87
105,"grapes","word","food_drink",0,0,0.05,0.03,0.07,0.12,0.2,0.35,0.45,0.44,0.47,0.63,0.59,0.62,0.73,0.83,0.75,0.8,0.87
106,"hamburger","word","food_drink",0,0,0.01,0.03,0,0.03,0.02,0.02,0.05,0.07,0.14,0.18,0.21,0.32,0.32,0.42,0.42,0.48,0.47
107,"ice","word","food_drink",0,0,0.05,0.06,0,0.06,0.11,0.17,0.29,0.15,0.34,0.31,0.33,0.45,0.62,0.65,0.64,0.69,0.64
108,"ice cream","word","food_drink",0,0.03,0.05,0.09,0.03,0.07,0.11,0.29,0.38,0.34,0.58,0.72,0.62,0.73,0.83,0.83,0.82,0.83,0.92
109,"jam","word","food_drink",0,0,0,0.03,0.02,0.05,0.04,0.08,0.14,0.18,0.32,0.39,0.32,0.42,0.53,0.56,0.46,0.62,0.68
110,"jelly","word","food_drink",0,0,0.01,0.03,0.02,0.05,0.05,0.07,0.12,0.24,0.26,0.23,0.39,0.42,0.43,0.54,0.51,0.58,0.6
111,"juice","word","food_drink",0,0.02,0.06,0.07,0.18,0.31,0.37,0.6,0.62,0.68,0.82,0.89,0.72,0.84,0.83,0.88,0.91,0.92,0.94
112,"lolly","word","food_drink",0,0,0.04,0.06,0.08,0.09,0.19,0.22,0.38,0.35,0.52,0.61,0.49,0.56,0.66,0.71,0.75,0.74,0.81
113,"mango","word","food_drink",0,0,0.02,0.01,0.02,0.04,0.06,0.04,0.06,0.12,0.12,0.23,0.21,0.29,0.32,0.44,0.39,0.51,0.45
114,"meat","word","food_drink",0,0,0.01,0.04,0.03,0.05,0.05,0.15,0.28,0.24,0.41,0.45,0.38,0.42,0.44,0.62,0.58,0.71,0.72
115,"milk","word","food_drink",0.04,0,0.14,0.19,0.28,0.33,0.43,0.57,0.73,0.68,0.82,0.85,0.78,0.88,0.94,0.9,0.94,0.95,0.98
116,"muffin","word","food_drink",0,0,0.02,0.04,0.02,0.05,0.05,0.06,0.08,0.15,0.22,0.15,0.24,0.32,0.38,0.5,0.4,0.49,0.43
117,"noodles","word","food_drink",0,0,0.02,0.04,0.03,0.04,0.08,0.16,0.32,0.18,0.45,0.44,0.54,0.48,0.6,0.61,0.72,0.66,0.66
118,"nuts","word","food_drink",0,0,0.02,0.04,0.02,0.03,0.04,0.05,0.06,0.09,0.15,0.25,0.26,0.27,0.38,0.54,0.4,0.52,0.57
119,"orange","word","food_drink",0,0,0.04,0.04,0.05,0.1,0.15,0.25,0.36,0.31,0.51,0.56,0.54,0.64,0.81,0.76,0.76,0.83,0.87
120,"pineapple","word","food_drink",0,0,0,0.03,0.02,0.04,0.03,0.06,0.09,0.07,0.14,0.34,0.24,0.31,0.4,0.49,0.45,0.54,0.47
121,"pizza","word","food_drink",0,0,0.03,0.04,0.05,0.06,0.06,0.11,0.27,0.26,0.44,0.46,0.39,0.6,0.68,0.68,0.78,0.75,0.87
122,"popcorn","word","food_drink",0,0,0.02,0.04,0,0.03,0.05,0.07,0.13,0.13,0.18,0.23,0.29,0.33,0.39,0.49,0.52,0.71,0.62
123,"potato","word","food_drink",0,0,0.02,0.06,0.03,0.11,0.1,0.21,0.27,0.26,0.38,0.54,0.51,0.52,0.64,0.71,0.7,0.72,0.81
124,"potato chip/crisps","word","food_drink",0,0.02,0.05,0.04,0.05,0.09,0.16,0.32,0.4,0.29,0.67,0.68,0.63,0.73,0.77,0.74,0.81,0.74,0.89
125,"pudding","word","food_drink",0,0,0.01,0,0,0,0,0.01,0.03,0.03,0.08,0.04,0.09,0.11,0.06,0.19,0.15,0.11,0.25
126,"pumpkin","word","food_drink",0,0,0,0.06,0,0.04,0.04,0.08,0.13,0.15,0.29,0.27,0.36,0.35,0.45,0.51,0.51,0.62,0.64
127,"raisin","word","food_drink",0,0,0.01,0.01,0.02,0.04,0.1,0.07,0.15,0.19,0.25,0.28,0.28,0.25,0.27,0.33,0.37,0.42,0.42
128,"salt","word","food_drink",0,0,0,0.03,0.02,0,0.03,0.04,0.05,0.09,0.16,0.15,0.21,0.16,0.18,0.36,0.37,0.4,0.45
129,"sandwich","word","food_drink",0,0,0.04,0.06,0.07,0.1,0.1,0.22,0.4,0.35,0.51,0.55,0.55,0.71,0.7,0.79,0.82,0.82,0.83
130,"soup","word","food_drink",0,0,0.02,0.01,0.02,0.04,0.04,0.09,0.15,0.21,0.3,0.39,0.36,0.45,0.48,0.6,0.4,0.58,0.58
131,"spaghetti","word","food_drink",0,0,0.03,0.04,0.07,0.05,0.08,0.13,0.24,0.29,0.42,0.55,0.5,0.53,0.62,0.69,0.72,0.72,0.77
132,"strawberry","word","food_drink",0,0,0.03,0.04,0.12,0.06,0.08,0.19,0.22,0.28,0.4,0.65,0.59,0.62,0.69,0.75,0.67,0.78,0.89
133,"toast","word","food_drink",0.01,0,0.09,0.12,0.13,0.29,0.29,0.42,0.6,0.5,0.67,0.73,0.72,0.75,0.78,0.88,0.88,0.88,0.94
134,"(tomato) sauce","word","food_drink",0,0.02,0.04,0.06,0.07,0.06,0.07,0.19,0.36,0.34,0.41,0.49,0.5,0.66,0.69,0.82,0.7,0.78,0.85
135,"tuna","word","food_drink",0,0.02,0,0.01,0,0.02,0,0.06,0.09,0.07,0.16,0.15,0.25,0.2,0.19,0.4,0.25,0.48,0.34
136,"vanilla","word","food_drink",0,0,0,0,0,0,0.01,0.01,0,0,0.04,0.08,0.12,0.11,0.12,0.18,0.16,0.22,0.21
137,"custard","word","food_drink",0,0,0.04,0.03,0.02,0.03,0.08,0.14,0.13,0.18,0.26,0.21,0.3,0.32,0.34,0.39,0.28,0.38,0.55
138,"doughnut","word","food_drink",0,0,0.02,0.03,0.02,0.05,0.06,0.1,0.14,0.21,0.27,0.3,0.3,0.32,0.43,0.47,0.42,0.46,0.68
139,"drink","word","food_drink",0,0.03,0.13,0.16,0.2,0.18,0.37,0.47,0.58,0.57,0.67,0.76,0.79,0.81,0.82,0.9,0.9,0.86,0.96
140,"egg","word","food_drink",0,0.02,0.06,0.06,0.07,0.15,0.15,0.28,0.33,0.32,0.56,0.68,0.59,0.66,0.78,0.88,0.82,0.88,0.91
141,"pancake","word","food_drink",0,0,0.02,0.03,0.03,0.05,0.03,0.08,0.08,0.15,0.19,0.32,0.25,0.38,0.43,0.5,0.51,0.62,0.64
142,"pasta","word","food_drink",0,0,0.05,0.04,0.05,0.12,0.17,0.26,0.29,0.31,0.37,0.51,0.49,0.6,0.66,0.75,0.73,0.78,0.81
143,"peanut butter","word","food_drink",0,0,0.01,0.04,0.02,0.02,0.03,0.07,0.13,0.15,0.15,0.31,0.22,0.33,0.39,0.6,0.36,0.65,0.53
144,"peas","word","food_drink",0,0,0.05,0.06,0.12,0.11,0.14,0.27,0.31,0.29,0.44,0.44,0.55,0.51,0.6,0.75,0.64,0.77,0.66
145,"vegemite","word","food_drink",0,0,0.03,0.03,0.02,0.05,0.07,0.15,0.21,0.22,0.44,0.49,0.45,0.53,0.53,0.69,0.66,0.65,0.72
146,"vitamins","word","food_drink",0,0,0,0,0.02,0.01,0,0.02,0.04,0.03,0.07,0.06,0.05,0.13,0.12,0.24,0.16,0.17,0.17
147,"water","word","food_drink",0.03,0,0.14,0.13,0.17,0.23,0.33,0.46,0.55,0.54,0.74,0.79,0.75,0.85,0.88,0.92,0.97,0.91,0.96
148,"yoghurt","word","food_drink",0,0.02,0.05,0.06,0.17,0.15,0.24,0.3,0.54,0.51,0.53,0.72,0.64,0.73,0.79,0.83,0.88,0.89,0.89
149,"beanie","word","clothing",0,0,0.01,0.01,0.02,0.03,0,0,0.06,0.06,0.21,0.23,0.28,0.25,0.22,0.35,0.24,0.31,0.38
150,"belt","word","clothing",0,0,0.02,0.01,0.02,0.05,0.01,0.04,0.13,0.16,0.25,0.27,0.3,0.32,0.4,0.56,0.39,0.62,0.53
151,"bib","word","clothing",0,0,0.06,0.09,0.13,0.23,0.31,0.4,0.46,0.46,0.56,0.62,0.62,0.61,0.66,0.83,0.67,0.77,0.81
152,"boot(s)","word","clothing",0,0,0.03,0.06,0.1,0.11,0.16,0.3,0.45,0.44,0.52,0.58,0.61,0.61,0.71,0.74,0.75,0.78,0.89
153,"button","word","clothing",0.01,0,0.03,0.09,0.1,0.12,0.11,0.27,0.35,0.41,0.56,0.59,0.63,0.55,0.66,0.82,0.7,0.82,0.83
154,"coat","word","clothing",0,0,0,0.01,0,0.06,0.05,0.09,0.08,0.15,0.25,0.3,0.34,0.35,0.43,0.44,0.37,0.51,0.51
155,"dress","word","clothing",0,0.02,0.02,0.04,0,0.06,0.05,0.15,0.23,0.25,0.27,0.37,0.38,0.51,0.55,0.64,0.58,0.68,0.72
156,"hat","word","clothing",0.01,0.03,0.13,0.14,0.27,0.3,0.48,0.65,0.73,0.62,0.86,0.85,0.79,0.88,0.91,0.94,0.94,0.95,1
157,"jacket","word","clothing",0,0,0.05,0.03,0,0.08,0.06,0.15,0.27,0.34,0.48,0.61,0.49,0.64,0.66,0.75,0.67,0.72,0.87
158,"jeans","word","clothing",0,0,0.01,0.03,0,0.05,0.02,0.14,0.14,0.16,0.3,0.41,0.33,0.4,0.42,0.61,0.42,0.66,0.62
159,"jumper","word","clothing",0,0,0.04,0.04,0.03,0.04,0.04,0.13,0.21,0.28,0.48,0.52,0.49,0.51,0.64,0.72,0.63,0.72,0.77
160,"nappy","word","clothing",0,0.05,0.11,0.12,0.18,0.21,0.3,0.51,0.62,0.54,0.79,0.79,0.74,0.8,0.83,0.93,0.91,0.92,0.98
161,"necklace","word","clothing",0,0,0.02,0.07,0,0.05,0.05,0.11,0.08,0.16,0.21,0.32,0.32,0.4,0.42,0.49,0.54,0.58,0.53
162,"pyjamas/jamies","word","clothing",0,0,0.03,0.04,0.05,0.07,0.1,0.24,0.28,0.34,0.52,0.62,0.58,0.66,0.7,0.78,0.72,0.78,0.91
163,"pants","word","clothing",0,0,0.05,0.06,0.03,0.09,0.13,0.23,0.33,0.38,0.62,0.68,0.62,0.64,0.79,0.82,0.79,0.86,0.89
164,"shirt","word","clothing",0,0,0.04,0.06,0.05,0.05,0.1,0.18,0.22,0.26,0.37,0.55,0.5,0.65,0.66,0.68,0.67,0.74,0.79
165,"shoe(s)","word","clothing",0.03,0.16,0.24,0.23,0.42,0.58,0.68,0.84,0.78,0.79,0.95,0.99,0.92,0.94,0.96,0.97,0.99,0.98,1
166,"shorts","word","clothing",0,0,0.04,0.06,0.07,0.05,0.08,0.07,0.15,0.1,0.29,0.38,0.36,0.39,0.56,0.69,0.57,0.78,0.75
167,"slipper(s)","word","clothing",0,0,0.02,0.03,0,0.07,0.09,0.1,0.28,0.34,0.45,0.48,0.54,0.46,0.53,0.65,0.55,0.63,0.58
168,"sock(s)","word","clothing",0,0.03,0.15,0.13,0.15,0.41,0.43,0.57,0.71,0.72,0.9,0.93,0.82,0.92,0.88,0.93,0.9,0.92,0.98
169,"sunglasses/sunnies","word","clothing",0,0,0.03,0.06,0.07,0.05,0.11,0.19,0.21,0.26,0.4,0.48,0.5,0.53,0.6,0.74,0.57,0.78,0.77
170,"thongs","word","clothing",0,0,0.01,0.06,0.02,0.02,0.02,0.02,0.04,0.01,0.1,0.14,0.18,0.24,0.25,0.43,0.33,0.38,0.4
171,"underpants/undies","word","clothing",0,0,0.02,0.01,0.02,0.03,0.05,0.09,0.13,0.13,0.27,0.31,0.38,0.47,0.53,0.68,0.66,0.68,0.74
172,"zipper","word","clothing",0,0,0.03,0.04,0.02,0.08,0.06,0.15,0.24,0.26,0.42,0.41,0.42,0.41,0.55,0.67,0.52,0.69,0.75
173,"ankle","word","body_parts",0,0,0.02,0,0,0,0.01,0.02,0.04,0.04,0.07,0.11,0.18,0.2,0.21,0.29,0.27,0.32,0.34
174,"arm","word","body_parts",0,0.02,0.05,0.04,0.05,0.1,0.14,0.33,0.38,0.47,0.62,0.66,0.7,0.74,0.74,0.88,0.87,0.85,0.92
175,"bellybutton/navel","word","body_parts",0,0.02,0.06,0.07,0.17,0.12,0.24,0.37,0.44,0.49,0.6,0.61,0.64,0.59,0.73,0.76,0.81,0.8,0.85
176,"breasts","word","body_parts",0.03,0.02,0.06,0.09,0.13,0.1,0.19,0.27,0.27,0.31,0.45,0.51,0.55,0.47,0.65,0.6,0.73,0.74,0.75
177,"bottom","word","body_parts",0,0.02,0.04,0.07,0.08,0.16,0.17,0.39,0.41,0.43,0.6,0.68,0.72,0.66,0.87,0.86,0.82,0.85,0.91
178,"cheek","word","body_parts",0,0,0.03,0.03,0.05,0.03,0.06,0.19,0.26,0.25,0.47,0.56,0.45,0.49,0.61,0.69,0.64,0.78,0.79
179,"chin","word","body_parts",0,0,0.03,0.03,0.05,0.06,0.07,0.22,0.27,0.32,0.53,0.56,0.58,0.65,0.69,0.71,0.72,0.75,0.85
180,"ear","word","body_parts",0,0.02,0.1,0.06,0.18,0.34,0.4,0.64,0.73,0.74,0.93,0.9,0.86,0.88,0.88,0.94,0.96,0.97,0.96
181,"eye","word","body_parts",0.01,0.06,0.14,0.13,0.27,0.39,0.5,0.69,0.78,0.76,0.93,0.93,0.89,0.94,0.92,0.96,0.99,0.97,0.98
182,"face","word","body_parts",0,0,0.04,0.04,0.07,0.07,0.11,0.19,0.28,0.32,0.48,0.56,0.51,0.69,0.68,0.83,0.78,0.78,0.91
183,"finger(s)","word","body_parts",0,0.02,0.05,0.07,0.02,0.08,0.14,0.26,0.44,0.43,0.64,0.66,0.64,0.67,0.79,0.83,0.84,0.88,0.92
184,"foot/feet","word","body_parts",0,0.03,0.06,0.1,0.08,0.2,0.27,0.45,0.54,0.6,0.75,0.83,0.74,0.8,0.88,0.92,0.91,0.94,0.92
185,"hair","word","body_parts",0,0.02,0.08,0.07,0.13,0.21,0.28,0.47,0.58,0.63,0.84,0.87,0.78,0.84,0.82,0.92,0.93,0.95,0.96
186,"hand","word","body_parts",0,0.02,0.04,0.04,0.05,0.12,0.17,0.31,0.45,0.51,0.75,0.82,0.71,0.82,0.86,0.93,0.94,0.89,0.96
187,"head","word","body_parts",0,0.02,0.07,0.06,0.08,0.12,0.19,0.34,0.47,0.54,0.7,0.7,0.66,0.74,0.84,0.88,0.88,0.94,0.92
188,"knee","word","body_parts",0,0,0.04,0.04,0.07,0.12,0.11,0.28,0.24,0.4,0.62,0.58,0.62,0.67,0.71,0.76,0.82,0.86,0.87
189,"leg","word","body_parts",0,0,0.03,0.03,0.05,0.06,0.11,0.25,0.29,0.43,0.55,0.66,0.67,0.67,0.73,0.85,0.85,0.86,0.94
190,"lips","word","body_parts",0,0,0.05,0.01,0,0.05,0.05,0.12,0.13,0.22,0.37,0.45,0.42,0.42,0.56,0.69,0.57,0.72,0.7
191,"mouth","word","body_parts",0,0.02,0.07,0.06,0.12,0.15,0.23,0.45,0.46,0.53,0.77,0.82,0.8,0.82,0.83,0.86,0.91,0.92,0.96
192,"nail(s)","word","body_parts",0,0,0.03,0.06,0.02,0.02,0.03,0.1,0.12,0.07,0.29,0.31,0.38,0.42,0.49,0.61,0.43,0.69,0.7
193,"neck","word","body_parts",0,0,0.03,0.03,0.03,0.05,0.03,0.15,0.23,0.15,0.36,0.39,0.41,0.45,0.53,0.57,0.66,0.68,0.68
194,"nose","word","body_parts",0.01,0.09,0.15,0.16,0.3,0.38,0.52,0.7,0.68,0.69,0.9,0.93,0.89,0.92,0.91,0.93,0.99,0.97,0.98
195,"shoulder","word","body_parts",0,0,0.03,0.03,0.02,0.01,0.04,0.11,0.13,0.15,0.32,0.31,0.36,0.34,0.44,0.54,0.51,0.6,0.57
196,"stomach/tummy","word","body_parts",0,0.02,0.06,0.07,0.13,0.11,0.23,0.49,0.41,0.47,0.64,0.73,0.71,0.75,0.84,0.89,0.85,0.89,0.96
197,"tooth/teeth","word","body_parts",0,0.05,0.09,0.1,0.07,0.15,0.27,0.55,0.59,0.59,0.77,0.85,0.8,0.87,0.83,0.89,0.9,0.92,0.98
198,"toe(s)","word","body_parts",0.01,0.03,0.11,0.06,0.12,0.18,0.28,0.47,0.37,0.46,0.74,0.73,0.7,0.74,0.71,0.85,0.85,0.89,0.91
199,"tongue","word","body_parts",0,0,0.04,0.04,0.03,0.06,0.1,0.19,0.22,0.37,0.52,0.46,0.51,0.52,0.69,0.76,0.73,0.83,0.87
200,"basket","word","household",0,0,0.02,0.03,0.02,0.07,0.06,0.06,0.18,0.24,0.36,0.35,0.37,0.52,0.52,0.62,0.6,0.68,0.68
201,"bin","word","household",0,0,0.06,0.04,0.12,0.16,0.25,0.36,0.41,0.47,0.67,0.72,0.76,0.75,0.83,0.88,0.82,0.83,0.92
202,"blanket","word","household",0,0,0.05,0.04,0.05,0.1,0.11,0.23,0.37,0.41,0.56,0.62,0.68,0.69,0.79,0.83,0.84,0.86,0.91
203,"bottle","word","household",0.03,0.08,0.14,0.22,0.27,0.28,0.38,0.48,0.63,0.5,0.77,0.79,0.72,0.79,0.82,0.9,0.93,0.89,0.96
204,"box","word","household",0,0,0.04,0.06,0.07,0.09,0.1,0.27,0.29,0.4,0.58,0.65,0.59,0.66,0.73,0.81,0.87,0.82,0.92
205,"bowl","word","household",0,0,0.04,0.04,0.1,0.1,0.2,0.37,0.38,0.38,0.56,0.54,0.74,0.67,0.75,0.83,0.82,0.82,0.92
206,"broom","word","household",0,0,0.05,0.07,0.05,0.09,0.15,0.16,0.26,0.29,0.45,0.41,0.55,0.48,0.62,0.61,0.66,0.66,0.75
207,"brush","word","household",0.04,0,0.07,0.1,0.07,0.12,0.17,0.25,0.49,0.37,0.58,0.59,0.59,0.62,0.62,0.79,0.79,0.85,0.87
208,"bucket","word","household",0,0,0.03,0.04,0.02,0.07,0.06,0.15,0.23,0.28,0.47,0.49,0.45,0.64,0.7,0.76,0.76,0.8,0.83
209,"camera","word","household",0,0,0,0.03,0.02,0.03,0.04,0.12,0.17,0.16,0.29,0.32,0.39,0.39,0.53,0.64,0.63,0.72,0.74
210,"can","word","household",0,0,0.01,0,0.02,0.03,0.01,0.03,0.09,0.06,0.1,0.14,0.18,0.15,0.19,0.33,0.24,0.26,0.43
211,"garbage/rubbish","word","household",0,0,0.03,0.04,0.05,0.08,0.1,0.19,0.27,0.32,0.48,0.59,0.53,0.55,0.68,0.76,0.73,0.77,0.79
212,"glass","word","household",0,0,0.01,0.03,0,0.03,0.05,0.08,0.19,0.16,0.3,0.42,0.33,0.42,0.49,0.53,0.61,0.63,0.72
213,"hammer","word","household",0,0,0.02,0.03,0.02,0.02,0.05,0.05,0.19,0.18,0.27,0.3,0.37,0.38,0.55,0.47,0.55,0.57,0.81
214,"jar","word","household",0,0,0,0.01,0.02,0.02,0.01,0.03,0.04,0.06,0.14,0.17,0.21,0.13,0.16,0.28,0.25,0.28,0.38
215,"keys","word","household",0,0.02,0.1,0.12,0.18,0.27,0.4,0.65,0.65,0.6,0.84,0.79,0.84,0.81,0.86,0.92,0.88,0.91,0.96
216,"knife","word","household",0,0,0.03,0.04,0.02,0.04,0.06,0.1,0.17,0.26,0.34,0.48,0.55,0.49,0.65,0.81,0.69,0.77,0.79
217,"lamp","word","household",0,0,0,0.03,0.02,0.04,0.01,0.06,0.09,0.06,0.11,0.2,0.3,0.21,0.23,0.38,0.36,0.35,0.4
218,"light","word","household",0,0.05,0.1,0.1,0.08,0.15,0.25,0.39,0.47,0.54,0.64,0.72,0.67,0.72,0.79,0.89,0.88,0.83,0.96
219,"medicine","word","household",0,0,0.01,0.03,0.07,0.05,0.07,0.13,0.21,0.16,0.34,0.38,0.46,0.45,0.56,0.65,0.58,0.68,0.77
220,"money","word","household",0,0.02,0.02,0.03,0.08,0.11,0.11,0.25,0.29,0.35,0.45,0.65,0.55,0.6,0.71,0.78,0.78,0.78,0.91
221,"mop","word","household",0,0,0.03,0.03,0.03,0.04,0.06,0.04,0.08,0.1,0.15,0.2,0.22,0.26,0.32,0.43,0.34,0.42,0.45
222,"plate","word","household",0,0,0.05,0.03,0.03,0.06,0.1,0.18,0.31,0.34,0.52,0.56,0.61,0.66,0.81,0.83,0.81,0.8,0.96
223,"purse/wallet","word","household",0,0,0.03,0.06,0.02,0.03,0.04,0.1,0.21,0.16,0.26,0.44,0.37,0.38,0.51,0.6,0.55,0.62,0.68
224,"radio","word","household",0,0,0,0.03,0,0.03,0.04,0.04,0.08,0.12,0.14,0.28,0.25,0.24,0.23,0.32,0.3,0.48,0.49
225,"serviette/napkin","word","household",0,0,0,0.03,0.02,0.01,0.01,0.01,0.08,0.03,0.07,0.1,0.12,0.13,0.17,0.26,0.24,0.28,0.25
226,"scissors","word","household",0,0,0.04,0.03,0.03,0.05,0.08,0.12,0.14,0.13,0.33,0.42,0.47,0.49,0.61,0.69,0.66,0.78,0.79
227,"soap","word","household",0,0,0.04,0.04,0.07,0.07,0.16,0.18,0.32,0.34,0.49,0.61,0.59,0.66,0.73,0.83,0.76,0.85,0.89
228,"spoon","word","household",0.01,0.02,0.07,0.09,0.12,0.24,0.38,0.56,0.62,0.57,0.71,0.8,0.83,0.82,0.87,0.92,0.9,0.89,0.94
229,"tape","word","household",0,0,0,0.01,0,0.01,0,0.04,0.09,0.12,0.12,0.25,0.22,0.24,0.26,0.35,0.33,0.43,0.55
230,"telephone/phone","word","household",0,0.03,0.07,0.06,0.12,0.18,0.25,0.46,0.53,0.5,0.68,0.85,0.79,0.81,0.87,0.92,0.91,0.89,0.96
231,"tissue","word","household",0,0,0.06,0.04,0.08,0.08,0.1,0.27,0.35,0.43,0.62,0.62,0.64,0.69,0.71,0.88,0.82,0.88,0.87
232,"toothbrush","word","household",0,0.02,0.08,0.09,0.13,0.11,0.23,0.41,0.44,0.43,0.59,0.69,0.64,0.69,0.78,0.82,0.85,0.88,0.94
233,"clock","word","household",0.01,0,0.09,0.03,0.13,0.15,0.21,0.34,0.44,0.46,0.68,0.65,0.63,0.67,0.71,0.85,0.87,0.78,0.92
234,"comb","word","household",0,0,0.03,0.06,0.02,0.01,0.06,0.1,0.09,0.19,0.18,0.27,0.33,0.29,0.29,0.5,0.4,0.32,0.57
235,"cot","word","household",0,0,0.05,0.06,0.05,0.07,0.14,0.23,0.36,0.38,0.51,0.52,0.55,0.56,0.69,0.78,0.75,0.83,0.85
236,"cup","word","household",0,0,0.08,0.09,0.17,0.15,0.24,0.49,0.55,0.54,0.66,0.73,0.78,0.8,0.84,0.93,0.93,0.91,0.94
237,"dish","word","household",0,0,0.02,0.03,0.03,0.03,0.03,0.05,0.14,0.06,0.14,0.18,0.26,0.22,0.29,0.39,0.25,0.46,0.36
238,"fork","word","household",0,0,0.06,0.06,0.02,0.09,0.17,0.4,0.36,0.35,0.59,0.63,0.7,0.68,0.78,0.86,0.85,0.88,0.89
239,"mug","word","household",0,0,0,0.03,0.03,0.03,0.01,0.02,0.06,0.06,0.05,0.14,0.12,0.18,0.22,0.31,0.28,0.32,0.32
240,"newspaper/paper","word","household",0,0,0.03,0.04,0.03,0.06,0.08,0.19,0.26,0.32,0.42,0.55,0.46,0.49,0.58,0.67,0.66,0.75,0.77
241,"photo","word","household",0,0,0.03,0.04,0.05,0.07,0.06,0.1,0.22,0.18,0.26,0.51,0.49,0.47,0.6,0.67,0.66,0.8,0.81
242,"picture","word","household",0,0,0.01,0.04,0.02,0.04,0.05,0.1,0.23,0.16,0.29,0.41,0.36,0.44,0.55,0.61,0.64,0.66,0.77
243,"pillow","word","household",0,0,0.04,0.06,0.03,0.01,0.1,0.19,0.24,0.32,0.53,0.63,0.57,0.62,0.69,0.79,0.81,0.88,0.87
244,"plant","word","household",0,0,0.02,0.03,0.03,0.02,0.03,0.07,0.13,0.12,0.14,0.3,0.33,0.29,0.49,0.51,0.48,0.57,0.6
245,"towel","word","household",0,0,0.05,0.04,0.07,0.06,0.14,0.24,0.28,0.34,0.48,0.56,0.54,0.67,0.74,0.85,0.81,0.86,0.92
246,"tray","word","household",0,0,0,0,0.02,0.01,0,0.02,0.03,0.06,0.11,0.07,0.12,0.09,0.13,0.19,0.13,0.22,0.3
247,"vacuum cleaner","word","household",0,0,0.02,0.06,0.03,0.05,0.05,0.1,0.14,0.16,0.3,0.39,0.33,0.36,0.45,0.56,0.58,0.65,0.7
248,"watch","word","household",0,0,0.02,0.03,0.02,0.06,0.08,0.19,0.21,0.19,0.44,0.44,0.43,0.56,0.57,0.65,0.55,0.62,0.7
249,"Bathroom","word","furniture_rooms",0,0,0.03,0.03,0.03,0.02,0.04,0.08,0.17,0.18,0.3,0.34,0.41,0.47,0.57,0.64,0.64,0.74,0.81
250,"Bath (tub)","word","furniture_rooms",0.03,0.03,0.19,0.2,0.33,0.42,0.51,0.66,0.77,0.65,0.81,0.79,0.88,0.8,0.88,0.88,0.9,0.94,0.98
251,"bed","word","furniture_rooms",0,0.02,0.09,0.12,0.17,0.19,0.28,0.44,0.62,0.63,0.75,0.79,0.79,0.84,0.88,0.93,0.94,0.94,0.98
252,"bedroom","word","furniture_rooms",0,0,0.01,0.07,0.03,0.03,0.06,0.06,0.17,0.19,0.25,0.38,0.46,0.48,0.56,0.69,0.61,0.72,0.77
253,"bench","word","furniture_rooms",0,0,0,0,0,0,0.01,0.02,0.08,0.01,0.05,0.14,0.16,0.18,0.18,0.33,0.33,0.32,0.34
254,"chair","word","furniture_rooms",0,0,0.08,0.06,0.1,0.19,0.33,0.45,0.62,0.57,0.73,0.79,0.75,0.82,0.88,0.93,0.9,0.92,0.94
255,"computer","word","furniture_rooms",0,0,0.01,0.04,0.03,0.05,0.07,0.1,0.24,0.19,0.41,0.48,0.43,0.49,0.68,0.6,0.72,0.77,0.85
256,"couch/lounge/sofa","word","furniture_rooms",0,0,0.02,0.04,0.02,0.02,0.08,0.1,0.22,0.18,0.36,0.42,0.45,0.58,0.55,0.71,0.7,0.77,0.75
257,"crib","word","furniture_rooms",0,0,0.02,0.01,0,0.02,0.01,0.02,0.03,0.01,0.04,0.04,0.09,0.08,0.06,0.14,0.16,0.17,0.23
258,"door","word","furniture_rooms",0,0,0.11,0.1,0.28,0.27,0.38,0.59,0.64,0.63,0.86,0.76,0.87,0.88,0.87,0.93,0.93,0.95,0.96
259,"drawer","word","furniture_rooms",0,0,0.01,0.03,0.02,0.04,0.05,0.11,0.15,0.16,0.19,0.31,0.32,0.34,0.38,0.58,0.49,0.63,0.64
260,"fridge","word","furniture_rooms",0,0,0.04,0.06,0.08,0.07,0.07,0.24,0.32,0.32,0.49,0.49,0.54,0.6,0.69,0.81,0.78,0.85,0.87
261,"garage","word","furniture_rooms",0,0,0.01,0.03,0,0.01,0.04,0.06,0.06,0.07,0.23,0.25,0.3,0.33,0.4,0.51,0.48,0.62,0.66
262,"high chair","word","furniture_rooms",0,0.02,0.02,0.04,0.08,0.04,0.06,0.15,0.23,0.18,0.26,0.35,0.36,0.47,0.49,0.68,0.54,0.69,0.75
263,"kitchen","word","furniture_rooms",0,0,0.02,0.04,0.03,0.03,0.06,0.09,0.19,0.25,0.32,0.39,0.45,0.55,0.66,0.75,0.67,0.82,0.85
264,"living/lounge room","word","furniture_rooms",0,0,0,0.04,0.03,0.02,0.02,0.02,0.05,0.09,0.08,0.18,0.25,0.28,0.39,0.51,0.45,0.51,0.58
265,"oven/stove","word","furniture_rooms",0,0,0.01,0.04,0.02,0.04,0.06,0.08,0.15,0.13,0.27,0.34,0.34,0.38,0.48,0.56,0.49,0.65,0.77
266,"play pen","word","furniture_rooms",0,0,0.01,0,0,0.01,0,0.01,0.05,0,0.01,0.03,0.09,0.11,0.05,0.17,0.12,0.18,0.17
267,"potty","word","furniture_rooms",0,0,0.03,0.04,0.03,0.07,0.08,0.16,0.23,0.18,0.37,0.41,0.46,0.41,0.66,0.67,0.7,0.66,0.81
268,"rocking chair","word","furniture_rooms",0,0,0,0.01,0,0,0,0.03,0.08,0,0.08,0.07,0.11,0.09,0.12,0.25,0.22,0.28,0.23
269,"room","word","furniture_rooms",0,0,0.01,0.07,0.02,0.05,0.05,0.06,0.19,0.18,0.38,0.45,0.39,0.52,0.56,0.68,0.72,0.72,0.85
270,"shower","word","furniture_rooms",0,0,0.06,0.04,0.12,0.13,0.23,0.4,0.44,0.46,0.6,0.66,0.66,0.73,0.79,0.86,0.85,0.85,0.94
271,"sink","word","furniture_rooms",0,0.02,0.02,0.01,0.03,0.02,0.05,0.08,0.15,0.1,0.23,0.32,0.34,0.34,0.4,0.67,0.57,0.62,0.75
272,"stairs","word","furniture_rooms",0,0,0.05,0.06,0.02,0.07,0.1,0.24,0.33,0.31,0.44,0.59,0.51,0.64,0.68,0.74,0.67,0.77,0.85
273,"table","word","furniture_rooms",0,0,0.02,0.04,0.05,0.04,0.1,0.2,0.36,0.26,0.55,0.55,0.62,0.65,0.71,0.76,0.85,0.88,0.92
274,"TV","word","furniture_rooms",0,0,0.05,0.12,0.12,0.11,0.18,0.32,0.42,0.4,0.62,0.62,0.68,0.74,0.82,0.83,0.84,0.92,0.91
275,"veranda/porch","word","furniture_rooms",0,0,0,0.01,0,0,0,0.02,0.04,0,0.07,0.07,0.07,0.11,0.16,0.26,0.22,0.23,0.28
276,"wardrobe","word","furniture_rooms",0,0,0.01,0.01,0,0.01,0,0.02,0.05,0.04,0.08,0.17,0.14,0.21,0.21,0.42,0.3,0.42,0.38
277,"washing machine","word","furniture_rooms",0,0,0.03,0.03,0.05,0.01,0.04,0.1,0.1,0.1,0.23,0.32,0.32,0.39,0.44,0.53,0.46,0.69,0.64
278,"window","word","furniture_rooms",0,0,0.03,0.04,0.07,0.06,0.09,0.15,0.27,0.25,0.47,0.55,0.47,0.58,0.61,0.74,0.76,0.77,0.87
279,"backyard","word","outside",0,0,0.01,0.06,0.08,0.06,0.06,0.09,0.17,0.13,0.21,0.3,0.29,0.31,0.42,0.51,0.45,0.58,0.49
280,"cloud","word","outside",0,0,0.03,0.03,0.07,0.04,0.06,0.13,0.18,0.24,0.22,0.45,0.47,0.48,0.53,0.71,0.69,0.72,0.79
281,"flag","word","outside",0,0,0.03,0.03,0.03,0.02,0.05,0.02,0.12,0.07,0.21,0.34,0.25,0.33,0.4,0.42,0.39,0.51,0.53
282,"flower","word","outside",0.01,0.03,0.08,0.07,0.22,0.27,0.4,0.51,0.71,0.56,0.75,0.85,0.76,0.79,0.84,0.96,0.91,0.94,0.96
283,"footpath","word","outside",0,0,0,0.01,0,0,0.02,0.02,0.06,0.04,0.11,0.14,0.16,0.18,0.16,0.36,0.33,0.38,0.32
284,"garden","word","outside",0,0,0.04,0.04,0,0.03,0.04,0.08,0.18,0.12,0.23,0.34,0.34,0.45,0.57,0.74,0.6,0.71,0.77
285,"grass","word","outside",0,0,0.03,0.04,0.07,0.12,0.15,0.23,0.29,0.31,0.49,0.58,0.55,0.54,0.69,0.82,0.72,0.86,0.89
286,"hose","word","outside",0,0,0.02,0.04,0.03,0.04,0.06,0.14,0.17,0.15,0.26,0.34,0.37,0.35,0.47,0.61,0.55,0.69,0.79
287,"ladder","word","outside",0,0,0.01,0.03,0,0.02,0.06,0.07,0.1,0.06,0.18,0.28,0.34,0.39,0.43,0.51,0.51,0.58,0.72
288,"lawn mower","word","outside",0,0,0.02,0.03,0.02,0.01,0.1,0.08,0.14,0.09,0.22,0.27,0.3,0.32,0.43,0.44,0.58,0.58,0.58
289,"moon","word","outside",0,0.03,0.06,0.07,0.18,0.15,0.31,0.43,0.53,0.47,0.67,0.69,0.7,0.66,0.74,0.88,0.84,0.91,0.94
290,"pool","word","outside",0,0,0.04,0.09,0.1,0.08,0.13,0.3,0.35,0.26,0.51,0.48,0.51,0.54,0.6,0.83,0.76,0.82,0.81
291,"rain","word","outside",0,0,0.05,0.04,0.07,0.11,0.2,0.32,0.41,0.4,0.58,0.73,0.76,0.69,0.83,0.9,0.91,0.95,0.94
292,"rock","word","outside",0,0,0.03,0.04,0.05,0.05,0.08,0.17,0.27,0.21,0.47,0.48,0.57,0.52,0.58,0.79,0.69,0.8,0.83
293,"roof","word","outside",0,0,0.01,0.03,0.02,0.01,0.03,0.02,0.14,0.1,0.16,0.25,0.28,0.28,0.42,0.53,0.57,0.54,0.64
294,"sandpit","word","outside",0,0,0.04,0.03,0.02,0.04,0.06,0.12,0.14,0.22,0.29,0.27,0.33,0.41,0.53,0.61,0.64,0.68,0.7
295,"shed","word","outside",0,0,0,0.01,0,0,0,0.04,0.08,0.04,0.12,0.2,0.18,0.19,0.27,0.35,0.25,0.38,0.51
296,"shovel","word","outside",0,0,0.02,0.04,0,0.03,0.05,0.02,0.06,0.09,0.16,0.24,0.17,0.22,0.3,0.32,0.3,0.48,0.36
297,"sky","word","outside",0,0,0.04,0.06,0.07,0.06,0.09,0.21,0.33,0.26,0.44,0.49,0.57,0.53,0.58,0.78,0.73,0.78,0.89
298,"slide","word","outside",0,0,0.03,0.04,0.02,0.05,0.09,0.2,0.29,0.24,0.4,0.46,0.49,0.54,0.57,0.68,0.66,0.74,0.79
299,"sprinkler","word","outside",0,0,0.01,0.03,0.02,0,0,0.02,0.01,0.03,0.03,0.07,0.07,0.14,0.19,0.18,0.27,0.29,0.25
300,"star","word","outside",0,0.02,0.11,0.12,0.2,0.31,0.44,0.56,0.64,0.47,0.77,0.73,0.83,0.8,0.79,0.97,0.85,0.89,0.96
301,"stick","word","outside",0,0,0.05,0.04,0.05,0.03,0.09,0.14,0.27,0.24,0.41,0.52,0.54,0.51,0.62,0.78,0.76,0.69,0.77
302,"stone","word","outside",0,0,0.03,0.03,0.02,0.03,0.06,0.1,0.12,0.09,0.22,0.25,0.29,0.27,0.34,0.53,0.45,0.51,0.51
303,"street","word","outside",0,0,0.01,0.04,0.02,0.03,0.03,0.02,0.12,0.09,0.07,0.17,0.22,0.25,0.31,0.43,0.39,0.49,0.43
304,"sun","word","outside",0,0,0.06,0.06,0.03,0.09,0.14,0.3,0.36,0.32,0.52,0.68,0.67,0.66,0.74,0.86,0.76,0.85,0.91
305,"swing","word","outside",0,0.02,0.05,0.04,0.1,0.12,0.12,0.27,0.38,0.38,0.56,0.63,0.62,0.64,0.71,0.89,0.76,0.88,0.87
306,"tree","word","outside",0,0.02,0.05,0.06,0.12,0.19,0.31,0.38,0.51,0.4,0.71,0.7,0.71,0.79,0.79,0.9,0.93,0.92,0.92
307,"wall","word","outside",0,0,0.01,0.03,0.02,0.04,0.04,0.06,0.15,0.13,0.15,0.32,0.29,0.36,0.42,0.6,0.49,0.6,0.66
308,"water","word","outside",0,0,0.05,0.07,0.08,0.17,0.27,0.47,0.54,0.51,0.68,0.82,0.76,0.81,0.84,0.92,0.91,0.91,0.96
309,"waves","word","outside",0,0,0.03,0.03,0.02,0.01,0.02,0.06,0.06,0.04,0.12,0.2,0.2,0.18,0.25,0.39,0.39,0.4,0.45
310,"wind","word","outside",0,0,0.02,0.03,0.03,0.06,0.07,0.13,0.17,0.19,0.27,0.37,0.46,0.48,0.53,0.71,0.67,0.78,0.85
311,"barbecue","word","places",0,0,0.01,0.04,0,0.01,0,0.04,0.04,0.01,0.11,0.17,0.18,0.2,0.22,0.38,0.36,0.48,0.51
312,"beach","word","places",0,0,0.05,0.04,0.07,0.06,0.07,0.2,0.26,0.28,0.41,0.48,0.43,0.53,0.64,0.78,0.69,0.78,0.83
313,"bush","word","places",0,0,0.01,0.01,0.02,0.02,0.02,0.01,0.06,0.03,0.1,0.17,0.13,0.16,0.16,0.35,0.25,0.31,0.38
314,"church/mosque","word","places",0,0,0,0.01,0,0.03,0.02,0.1,0.12,0.07,0.16,0.17,0.14,0.18,0.23,0.29,0.25,0.28,0.38
315,"city","word","places",0,0,0.02,0.01,0.02,0,0,0.01,0.05,0.01,0.07,0.14,0.21,0.11,0.21,0.33,0.31,0.37,0.45
316,"country","word","places",0,0,0,0.01,0,0,0,0,0.01,0.01,0.01,0.04,0.07,0.06,0.06,0.15,0.18,0.17,0.25
317,"home/house","word","places",0,0.02,0.06,0.09,0.08,0.12,0.22,0.3,0.44,0.41,0.66,0.69,0.66,0.74,0.71,0.86,0.91,0.92,0.91
318,"movies","word","places",0,0,0.01,0.01,0,0,0.01,0.04,0.04,0,0.11,0.14,0.18,0.2,0.19,0.29,0.22,0.45,0.42
319,"outside","word","places",0,0.02,0.09,0.04,0.07,0.13,0.15,0.29,0.36,0.38,0.64,0.62,0.61,0.69,0.73,0.85,0.78,0.8,0.89
320,"park","word","places",0,0,0.1,0.09,0.15,0.14,0.31,0.44,0.58,0.43,0.66,0.76,0.72,0.76,0.78,0.93,0.91,0.94,0.94
321,"party","word","places",0,0,0.02,0.03,0.05,0.04,0.06,0.14,0.18,0.21,0.29,0.49,0.55,0.53,0.57,0.75,0.66,0.85,0.83
322,"petrol station","word","places",0,0,0,0.01,0,0,0.01,0.01,0.04,0.04,0.08,0.14,0.2,0.19,0.26,0.35,0.28,0.42,0.4
323,"playground","word","places",0,0,0.01,0.04,0,0.03,0.04,0.05,0.09,0.1,0.19,0.27,0.29,0.33,0.36,0.56,0.52,0.52,0.58
324,"school/kindie/preschool","word","places",0,0,0.05,0.04,0.05,0.07,0.1,0.16,0.19,0.25,0.38,0.44,0.54,0.61,0.61,0.72,0.7,0.91,0.77
325,"shop","word","places",0,0,0.07,0.06,0.08,0.11,0.17,0.29,0.37,0.38,0.6,0.61,0.7,0.73,0.74,0.89,0.84,0.91,0.94
326,"show","word","places",0,0,0.01,0,0.02,0.01,0.02,0,0.04,0.04,0.05,0.15,0.12,0.14,0.14,0.32,0.25,0.35,0.49
327,"yard","word","places",0,0,0.01,0.01,0.03,0,0.01,0.02,0.04,0.03,0.1,0.15,0.14,0.15,0.16,0.31,0.33,0.34,0.34
328,"work","word","places",0,0,0.04,0.04,0.03,0.04,0.12,0.24,0.27,0.31,0.55,0.65,0.64,0.64,0.7,0.88,0.79,0.91,0.94
329,"farm","word","places",0,0,0.02,0.01,0.03,0.02,0,0.06,0.18,0.13,0.21,0.24,0.24,0.29,0.42,0.49,0.51,0.55,0.53
330,"picnic","word","places",0,0,0.01,0.04,0,0.02,0.01,0.05,0.12,0.07,0.12,0.28,0.22,0.33,0.3,0.44,0.49,0.58,0.53
331,"zoo","word","places",0,0,0.04,0.06,0.07,0.05,0.02,0.1,0.15,0.19,0.25,0.27,0.32,0.36,0.44,0.51,0.58,0.66,0.62
332,"aunt","word","people",0,0.02,0.07,0.06,0.02,0.1,0.1,0.15,0.19,0.31,0.32,0.37,0.42,0.51,0.58,0.72,0.67,0.74,0.7
333,"baby","word","people",0.14,0.2,0.34,0.32,0.53,0.57,0.65,0.76,0.83,0.78,0.93,0.94,0.91,0.89,0.94,0.99,0.97,1,0.96
334,"babysitter","word","people",0,0.02,0.01,0,0,0.01,0.01,0,0.05,0,0.03,0.01,0.07,0.08,0.09,0.11,0.1,0.14,0.09
335,"boy","word","people",0,0,0.03,0.04,0.08,0.12,0.17,0.21,0.35,0.38,0.6,0.63,0.58,0.68,0.73,0.72,0.81,0.86,0.85
336,"brother","word","people",0.03,0.03,0.08,0.09,0.08,0.05,0.05,0.19,0.18,0.09,0.27,0.34,0.26,0.34,0.48,0.54,0.51,0.55,0.7
337,"child/kid","word","people",0,0.02,0.03,0.03,0.05,0.03,0.07,0.08,0.15,0.15,0.16,0.21,0.26,0.24,0.42,0.46,0.4,0.55,0.6
338,"child's own name","word","people",0.03,0.09,0.13,0.2,0.22,0.2,0.3,0.4,0.58,0.47,0.68,0.77,0.74,0.85,0.79,0.89,0.93,0.91,0.94
339,"clown","word","people",0,0,0,0.03,0.02,0.03,0,0.02,0.08,0.07,0.16,0.21,0.28,0.24,0.36,0.39,0.3,0.46,0.45
340,"cowboy","word","people",0,0,0.01,0.01,0,0,0,0.02,0.03,0.06,0.03,0.04,0.08,0.09,0.17,0.19,0.21,0.26,0.25
341,"daddy","word","people",0.49,0.83,0.89,0.94,0.9,0.94,0.95,0.94,1,0.96,0.95,0.99,0.96,0.98,1,0.97,0.97,0.98,1
342,"doctor","word","people",0,0,0.04,0.04,0.05,0.04,0.06,0.1,0.26,0.22,0.34,0.44,0.38,0.48,0.61,0.65,0.72,0.8,0.74
343,"fireman","word","people",0,0,0.01,0.01,0.02,0.01,0.01,0.03,0.05,0.04,0.14,0.17,0.26,0.22,0.38,0.42,0.54,0.55,0.58
344,"friend","word","people",0,0,0.02,0.01,0.02,0.02,0.02,0.03,0.1,0.04,0.16,0.24,0.26,0.33,0.43,0.57,0.52,0.65,0.7
345,"friend's name","word","people",0,0.06,0.06,0.07,0.18,0.24,0.33,0.47,0.5,0.46,0.71,0.72,0.68,0.72,0.78,0.81,0.79,0.77,0.87
346,"girl","word","people",0,0,0.05,0.04,0.07,0.12,0.15,0.17,0.27,0.29,0.4,0.58,0.55,0.59,0.68,0.69,0.64,0.8,0.79
347,"grandma/nanna","word","people",0.18,0.39,0.5,0.64,0.62,0.69,0.8,0.85,0.78,0.82,0.92,0.96,0.88,0.92,0.92,0.99,0.97,0.97,1
348,"grandpa/pop","word","people",0.08,0.16,0.31,0.29,0.45,0.46,0.57,0.63,0.68,0.68,0.75,0.83,0.75,0.84,0.83,0.93,0.87,0.95,0.91
349,"lady","word","people",0,0,0.03,0.03,0.02,0.03,0.1,0.13,0.23,0.19,0.4,0.42,0.39,0.49,0.61,0.61,0.6,0.71,0.72
350,"man","word","people",0,0,0.03,0.04,0.1,0.1,0.12,0.23,0.29,0.25,0.48,0.48,0.54,0.58,0.66,0.68,0.73,0.77,0.79
351,"mummy","word","people",0.48,0.86,0.87,0.96,0.9,0.95,0.96,0.98,0.97,0.99,0.99,0.99,1,0.99,0.96,0.97,1,1,1
352,"nurse","word","people",0,0,0,0.03,0.03,0,0,0.02,0.04,0.03,0.07,0.03,0.09,0.14,0.21,0.26,0.21,0.28,0.4
353,"people","word","people",0,0,0.01,0.03,0.02,0.01,0.03,0.08,0.13,0.07,0.19,0.25,0.29,0.35,0.35,0.56,0.45,0.58,0.62
354,"person","word","people",0,0,0,0.01,0,0.02,0.01,0.03,0.06,0,0.03,0.11,0.13,0.13,0.17,0.26,0.19,0.37,0.45
355,"pet's name","word","people",0.03,0.14,0.19,0.23,0.25,0.31,0.3,0.38,0.5,0.44,0.6,0.55,0.58,0.59,0.62,0.64,0.73,0.75,0.68
356,"police(man)","word","people",0,0.02,0.02,0.01,0.02,0.01,0,0.02,0.04,0.01,0.12,0.14,0.24,0.25,0.36,0.36,0.45,0.51,0.55
357,"postman","word","people",0,0,0.01,0.01,0.02,0.01,0,0.03,0.08,0.1,0.16,0.18,0.22,0.19,0.26,0.43,0.43,0.54,0.53
358,"sister","word","people",0.01,0.06,0.08,0.09,0.08,0.08,0.09,0.19,0.24,0.18,0.22,0.3,0.3,0.41,0.48,0.5,0.51,0.65,0.6
359,"teacher","word","people",0,0,0.02,0,0.02,0,0,0.01,0.08,0.03,0.12,0.13,0.16,0.26,0.29,0.4,0.39,0.54,0.4
360,"uncle","word","people",0,0.02,0.05,0.03,0.02,0.05,0.06,0.11,0.19,0.25,0.34,0.34,0.39,0.51,0.49,0.65,0.63,0.65,0.72
361,"bath","word","games_routines",0.03,0.06,0.23,0.29,0.28,0.42,0.53,0.72,0.79,0.69,0.82,0.85,0.92,0.79,0.9,0.9,0.94,0.94,0.98
362,"breakfast","word","games_routines",0,0,0.07,0.07,0.07,0.13,0.17,0.2,0.36,0.32,0.48,0.58,0.53,0.64,0.71,0.79,0.75,0.86,0.83
363,"call(phone)","word","games_routines",0.01,0.02,0.07,0.09,0.12,0.15,0.16,0.27,0.35,0.41,0.55,0.68,0.57,0.59,0.69,0.69,0.78,0.83,0.81
364,"dinner","word","games_routines",0,0.02,0.07,0.1,0.07,0.09,0.16,0.3,0.29,0.32,0.42,0.52,0.59,0.65,0.71,0.83,0.85,0.85,0.85
365,"give me five!","word","games_routines",0.03,0.03,0.05,0.1,0.2,0.12,0.19,0.18,0.22,0.34,0.52,0.45,0.43,0.46,0.64,0.54,0.69,0.66,0.6
366,"goodbye/bye bye","word","games_routines",0.2,0.25,0.46,0.43,0.57,0.62,0.77,0.77,0.9,0.9,0.96,0.97,0.99,0.94,0.96,0.97,0.99,0.97,0.96
367,"go potty","word","games_routines",0,0,0.03,0.03,0.03,0.09,0.01,0.11,0.13,0.16,0.36,0.37,0.37,0.36,0.57,0.6,0.61,0.66,0.66
368,"hello","word","games_routines",0.14,0.25,0.34,0.35,0.57,0.57,0.57,0.64,0.72,0.75,0.78,0.92,0.82,0.86,0.87,0.94,0.91,0.92,0.92
369,"hi","word","games_routines",0.08,0.2,0.32,0.26,0.4,0.38,0.5,0.56,0.5,0.71,0.64,0.66,0.78,0.8,0.9,0.86,0.9,0.89,0.91
370,"hide and seek/hidie","word","games_routines",0,0.02,0.05,0.07,0.03,0.08,0.08,0.08,0.15,0.24,0.26,0.44,0.3,0.34,0.48,0.58,0.54,0.72,0.7
371,"lunch","word","games_routines",0,0,0.05,0.1,0.07,0.07,0.1,0.19,0.21,0.31,0.41,0.48,0.46,0.59,0.64,0.75,0.75,0.86,0.83
372,"nap","word","games_routines",0,0,0.05,0.09,0.05,0.05,0.06,0.15,0.21,0.13,0.19,0.31,0.45,0.36,0.52,0.57,0.58,0.68,0.7
373,"night night","word","games_routines",0,0.02,0.14,0.1,0.13,0.3,0.23,0.47,0.44,0.56,0.67,0.72,0.74,0.82,0.75,0.78,0.85,0.85,0.89
374,"no/don't","word","games_routines",0.23,0.25,0.38,0.38,0.52,0.63,0.76,0.76,0.86,0.85,0.93,0.92,0.91,0.98,0.95,0.97,0.97,0.94,0.98
375,"patty cake/pat-a-cake","word","games_routines",0,0,0.03,0.01,0.02,0.02,0.03,0.02,0.09,0.06,0.12,0.14,0.16,0.24,0.23,0.36,0.25,0.42,0.45
376,"peekaboo","word","games_routines",0.03,0.16,0.13,0.2,0.35,0.35,0.42,0.58,0.55,0.65,0.77,0.82,0.75,0.71,0.81,0.86,0.94,0.88,0.89
377,"please","word","games_routines",0,0.05,0.09,0.09,0.18,0.29,0.37,0.52,0.58,0.62,0.77,0.87,0.86,0.86,0.88,0.96,0.94,0.98,0.98
378,"shh/shush/hush","word","games_routines",0.01,0.14,0.17,0.28,0.3,0.5,0.54,0.66,0.67,0.78,0.77,0.85,0.8,0.85,0.91,0.88,0.91,0.85,0.91
379,"shopping","word","games_routines",0,0,0.04,0.04,0.03,0.07,0.07,0.14,0.22,0.25,0.42,0.55,0.51,0.56,0.64,0.75,0.72,0.91,0.85
380,"snack","word","games_routines",0,0,0.03,0.03,0.03,0.03,0.04,0.08,0.13,0.15,0.22,0.23,0.28,0.32,0.48,0.54,0.52,0.62,0.68
381,"thank you","word","games_routines",0.13,0.25,0.38,0.43,0.48,0.49,0.59,0.66,0.81,0.71,0.81,0.89,0.86,0.88,0.95,0.93,0.94,0.98,0.94
382,"wait","word","games_routines",0,0,0.03,0.04,0.07,0.05,0.07,0.11,0.18,0.19,0.36,0.42,0.43,0.49,0.62,0.6,0.7,0.85,0.74
383,"want to","word","games_routines",0.01,0,0.04,0.04,0.03,0.03,0.03,0.1,0.19,0.15,0.38,0.42,0.42,0.46,0.49,0.71,0.66,0.8,0.74
384,"yes","word","games_routines",0.11,0.14,0.23,0.29,0.37,0.42,0.44,0.62,0.74,0.72,0.81,0.83,0.86,0.88,0.86,0.92,0.94,0.98,0.92
385,"bite","word","action_words",0,0,0.05,0.04,0.07,0.07,0.11,0.18,0.28,0.29,0.41,0.46,0.53,0.45,0.58,0.74,0.75,0.8,0.79
386,"blow","word","action_words",0,0,0.03,0.04,0.07,0.03,0.06,0.16,0.17,0.18,0.41,0.37,0.43,0.45,0.6,0.6,0.69,0.75,0.81
387,"break","word","action_words",0,0,0.03,0.03,0.02,0.02,0.06,0.15,0.14,0.15,0.33,0.44,0.45,0.51,0.51,0.72,0.61,0.71,0.79
388,"bring","word","action_words",0,0.02,0.02,0.03,0,0.04,0.03,0.04,0.08,0.09,0.19,0.28,0.28,0.28,0.43,0.5,0.48,0.46,0.6
389,"build","word","action_words",0,0,0,0.04,0.02,0.02,0.04,0.08,0.14,0.1,0.23,0.31,0.38,0.45,0.48,0.61,0.58,0.71,0.81
390,"bump","word","action_words",0,0.02,0.02,0.03,0.05,0.05,0.09,0.11,0.19,0.12,0.26,0.27,0.34,0.42,0.48,0.56,0.49,0.71,0.6
391,"buy","word","action_words",0,0,0.02,0.03,0,0.02,0.05,0.02,0.08,0.06,0.18,0.3,0.28,0.32,0.38,0.51,0.34,0.68,0.72
392,"call","word","action_words",0,0,0.02,0.04,0.05,0.02,0.05,0.06,0.15,0.1,0.15,0.28,0.38,0.32,0.45,0.49,0.52,0.71,0.55
393,"carry","word","action_words",0,0,0.03,0.04,0,0.02,0.06,0.1,0.14,0.16,0.22,0.41,0.34,0.42,0.56,0.58,0.61,0.71,0.79
394,"catch","word","action_words",0,0.02,0.03,0.04,0.02,0.03,0.04,0.18,0.24,0.19,0.42,0.42,0.41,0.49,0.58,0.61,0.67,0.88,0.81
395,"chase","word","action_words",0,0,0.02,0.06,0.03,0.01,0.06,0.05,0.13,0.15,0.25,0.21,0.3,0.35,0.47,0.5,0.45,0.66,0.62
396,"clap","word","action_words",0,0.03,0.07,0.12,0.12,0.16,0.17,0.31,0.41,0.41,0.59,0.7,0.63,0.68,0.71,0.83,0.81,0.86,0.85
397,"clean","word","action_words",0,0,0.01,0.03,0.02,0.02,0.1,0.12,0.24,0.21,0.32,0.45,0.5,0.56,0.65,0.75,0.69,0.83,0.85
398,"drive","word","action_words",0,0,0.03,0.04,0.05,0.03,0.06,0.1,0.19,0.25,0.4,0.41,0.49,0.49,0.61,0.74,0.73,0.85,0.83
399,"drink","word","action_words",0.01,0,0.09,0.1,0.15,0.19,0.21,0.39,0.46,0.5,0.6,0.7,0.71,0.72,0.79,0.89,0.85,0.91,0.94
400,"drop","word","action_words",0,0,0.04,0.03,0.02,0.04,0.05,0.09,0.17,0.22,0.29,0.42,0.28,0.41,0.56,0.69,0.58,0.68,0.7
401,"dry","word","action_words",0,0,0.01,0.03,0.02,0.05,0.05,0.03,0.13,0.13,0.19,0.3,0.33,0.29,0.47,0.62,0.58,0.6,0.72
402,"dump","word","action_words",0,0,0.01,0.01,0,0,0,0.02,0.03,0,0.07,0.07,0.13,0.14,0.16,0.19,0.15,0.17,0.21
403,"eat","word","action_words",0,0.02,0.05,0.07,0.05,0.09,0.14,0.24,0.32,0.37,0.53,0.59,0.57,0.72,0.7,0.85,0.82,0.88,0.91
404,"fall","word","action_words",0,0,0.02,0.04,0.03,0.03,0.06,0.15,0.21,0.28,0.38,0.54,0.51,0.55,0.69,0.82,0.76,0.78,0.94
405,"feed","word","action_words",0,0,0.02,0.04,0.03,0.02,0.03,0.03,0.09,0.07,0.21,0.21,0.25,0.38,0.42,0.53,0.49,0.6,0.62
406,"find","word","action_words",0,0,0.02,0.04,0.03,0.01,0.03,0.05,0.15,0.15,0.29,0.35,0.34,0.35,0.52,0.67,0.6,0.71,0.79
407,"finish","word","action_words",0,0,0.02,0.04,0.02,0.05,0.12,0.16,0.21,0.32,0.37,0.48,0.5,0.58,0.62,0.81,0.67,0.8,0.85
408,"fit","word","action_words",0,0,0.01,0.03,0.03,0.01,0,0.02,0.04,0.03,0.19,0.17,0.17,0.2,0.31,0.51,0.36,0.51,0.49
409,"fix","word","action_words",0,0,0.03,0.04,0.05,0.04,0.02,0.11,0.19,0.16,0.37,0.52,0.42,0.47,0.6,0.76,0.67,0.75,0.83
410,"get","word","action_words",0,0,0.01,0.09,0.05,0.06,0.06,0.17,0.18,0.21,0.41,0.45,0.46,0.51,0.58,0.74,0.76,0.85,0.79
411,"hug","word","action_words",0.01,0.02,0.05,0.07,0.12,0.08,0.12,0.24,0.38,0.35,0.56,0.69,0.57,0.6,0.69,0.76,0.76,0.89,0.83
412,"hurry","word","action_words",0,0,0,0.04,0.02,0,0.03,0.08,0.09,0.1,0.19,0.23,0.3,0.34,0.45,0.58,0.58,0.68,0.62
413,"jump","word","action_words",0,0,0.04,0.06,0.05,0.12,0.19,0.31,0.45,0.38,0.62,0.68,0.62,0.73,0.77,0.88,0.82,0.89,0.91
414,"kick","word","action_words",0,0,0.05,0.04,0.08,0.1,0.17,0.24,0.29,0.29,0.58,0.61,0.53,0.52,0.66,0.79,0.78,0.86,0.92
415,"kiss","word","action_words",0.01,0.03,0.07,0.1,0.2,0.16,0.24,0.38,0.46,0.54,0.64,0.72,0.67,0.71,0.78,0.88,0.87,0.88,0.91
416,"knock","word","action_words",0,0,0.03,0.03,0.02,0.08,0.06,0.11,0.15,0.24,0.42,0.35,0.34,0.46,0.48,0.62,0.64,0.65,0.7
417,"know","word","action_words",0,0,0,0,0.02,0.02,0,0.02,0.05,0.01,0.12,0.13,0.17,0.24,0.3,0.4,0.31,0.38,0.4
418,"lick","word","action_words",0,0,0.03,0.04,0.02,0.01,0.04,0.06,0.06,0.1,0.23,0.37,0.34,0.36,0.44,0.62,0.58,0.6,0.66
419,"like","word","action_words",0,0,0.01,0.04,0.02,0.03,0.01,0.04,0.09,0.1,0.23,0.28,0.33,0.42,0.56,0.69,0.52,0.65,0.81
420,"listen","word","action_words",0,0,0.01,0.03,0.03,0.01,0.02,0.05,0.1,0.06,0.18,0.27,0.29,0.28,0.42,0.56,0.46,0.57,0.68
421,"look","word","action_words",0,0.02,0.06,0.06,0.03,0.1,0.17,0.17,0.22,0.21,0.44,0.65,0.61,0.65,0.68,0.81,0.76,0.85,0.91
422,"love","word","action_words",0,0.06,0.05,0.03,0.07,0.09,0.14,0.15,0.17,0.19,0.44,0.54,0.51,0.53,0.68,0.76,0.7,0.83,0.85
423,"make","word","action_words",0,0,0.03,0.03,0,0.03,0.01,0.05,0.1,0.04,0.22,0.3,0.39,0.38,0.42,0.65,0.52,0.63,0.74
424,"read","word","action_words",0,0,0.05,0.06,0.03,0.07,0.08,0.16,0.27,0.26,0.51,0.52,0.54,0.61,0.66,0.85,0.81,0.82,0.91
425,"ride","word","action_words",0,0,0.02,0.04,0.02,0.02,0.06,0.06,0.15,0.1,0.32,0.37,0.36,0.39,0.49,0.64,0.67,0.68,0.77
426,"rip","word","action_words",0,0,0.02,0.03,0.02,0.01,0,0.02,0.03,0.04,0.12,0.15,0.17,0.19,0.31,0.33,0.3,0.34,0.4
427,"run","word","action_words",0,0,0.02,0.04,0.05,0.05,0.07,0.16,0.27,0.24,0.51,0.54,0.49,0.6,0.69,0.82,0.76,0.86,0.91
428,"say","word","action_words",0,0,0,0.01,0.02,0.02,0.01,0.02,0.08,0.01,0.16,0.18,0.22,0.29,0.35,0.5,0.45,0.51,0.62
429,"scratch","word","action_words",0,0,0,0.04,0,0.01,0.05,0.03,0.06,0.04,0.15,0.23,0.29,0.27,0.4,0.44,0.48,0.52,0.68
430,"see","word","action_words",0,0,0.04,0.03,0.02,0.05,0.08,0.2,0.22,0.22,0.38,0.46,0.38,0.56,0.55,0.68,0.76,0.72,0.81
431,"shake","word","action_words",0,0.02,0.05,0.03,0.03,0.06,0.08,0.1,0.14,0.19,0.38,0.37,0.33,0.44,0.49,0.61,0.57,0.55,0.77
432,"share","word","action_words",0,0,0,0.03,0.02,0.04,0.07,0.09,0.08,0.04,0.27,0.35,0.37,0.39,0.47,0.65,0.57,0.68,0.75
433,"show","word","action_words",0,0,0.02,0.03,0.02,0.02,0.02,0.06,0.12,0.09,0.22,0.25,0.25,0.33,0.43,0.54,0.52,0.6,0.62
434,"shut","word","action_words",0,0.02,0.02,0.04,0.07,0.05,0.1,0.15,0.21,0.22,0.42,0.49,0.5,0.53,0.58,0.69,0.63,0.72,0.77
435,"sing","word","action_words",0,0.02,0.05,0.06,0.02,0.05,0.09,0.19,0.22,0.19,0.37,0.45,0.47,0.44,0.65,0.74,0.67,0.8,0.83
436,"sit","word","action_words",0,0.03,0.05,0.06,0.1,0.11,0.26,0.35,0.46,0.41,0.71,0.69,0.68,0.72,0.75,0.82,0.82,0.89,0.87
437,"sweep","word","action_words",0,0,0,0.04,0.02,0.03,0.05,0.09,0.15,0.18,0.26,0.35,0.36,0.39,0.52,0.56,0.51,0.6,0.68
438,"swim","word","action_words",0,0,0.03,0.07,0.08,0.07,0.14,0.26,0.32,0.35,0.47,0.56,0.57,0.55,0.71,0.78,0.82,0.82,0.83
439,"swing","word","action_words",0,0,0.04,0.04,0.07,0.11,0.12,0.25,0.32,0.29,0.52,0.56,0.63,0.55,0.68,0.75,0.76,0.82,0.87
440,"take","word","action_words",0,0,0.01,0.04,0.03,0.04,0.02,0.03,0.12,0.07,0.3,0.27,0.28,0.35,0.45,0.65,0.52,0.62,0.62
441,"talk","word","action_words",0,0,0.01,0.04,0.03,0.03,0.05,0.09,0.14,0.1,0.23,0.32,0.36,0.39,0.48,0.69,0.6,0.72,0.72
442,"taste","word","action_words",0,0,0.02,0.03,0,0.04,0.02,0.07,0.09,0.12,0.14,0.21,0.25,0.21,0.36,0.4,0.4,0.4,0.55
443,"tear","word","action_words",0,0,0,0.01,0,0.01,0.02,0.02,0.04,0.01,0.05,0.11,0.17,0.19,0.21,0.26,0.22,0.31,0.38
444,"tell","word","action_words",0,0,0,0.01,0.02,0.01,0.01,0.02,0.08,0.04,0.12,0.14,0.22,0.18,0.32,0.43,0.33,0.45,0.6
445,"think","word","action_words",0,0,0.02,0.03,0,0.01,0,0.02,0.06,0.03,0.04,0.11,0.14,0.19,0.19,0.38,0.3,0.34,0.53
446,"throw","word","action_words",0,0,0.05,0.01,0.03,0.04,0.1,0.15,0.24,0.19,0.37,0.39,0.45,0.53,0.52,0.67,0.67,0.75,0.81
447,"tickle","word","action_words",0.01,0.03,0.05,0.1,0.12,0.12,0.23,0.3,0.31,0.4,0.44,0.55,0.49,0.6,0.66,0.76,0.79,0.85,0.89
448,"touch","word","action_words",0,0,0.02,0.03,0,0.05,0.05,0.1,0.17,0.13,0.23,0.32,0.26,0.38,0.47,0.6,0.63,0.71,0.72
449,"wake","word","action_words",0,0,0.01,0.04,0.05,0.05,0.06,0.1,0.15,0.18,0.29,0.39,0.41,0.49,0.57,0.67,0.72,0.75,0.81
450,"climb","word","action_words",0,0,0.04,0.04,0.03,0.02,0.06,0.06,0.17,0.19,0.3,0.32,0.42,0.48,0.57,0.64,0.69,0.75,0.74
451,"close","word","action_words",0,0,0.02,0.04,0.03,0.07,0.06,0.11,0.21,0.24,0.41,0.49,0.39,0.45,0.61,0.71,0.63,0.68,0.74
452,"cook","word","action_words",0,0,0.02,0.06,0.07,0.06,0.07,0.15,0.24,0.25,0.34,0.48,0.46,0.53,0.65,0.71,0.73,0.68,0.91
453,"cover","word","action_words",0,0,0.01,0.01,0,0,0.01,0.02,0.06,0,0.08,0.13,0.13,0.18,0.25,0.38,0.3,0.29,0.42
454,"cry","word","action_words",0,0,0.03,0.04,0.07,0.04,0.07,0.16,0.24,0.29,0.38,0.48,0.54,0.56,0.61,0.76,0.73,0.78,0.85
455,"cuddle","word","action_words",0.01,0.02,0.05,0.09,0.1,0.12,0.21,0.4,0.35,0.37,0.53,0.59,0.61,0.61,0.69,0.79,0.78,0.82,0.83
456,"cut","word","action_words",0,0,0.02,0.03,0.02,0.06,0.04,0.04,0.09,0.13,0.25,0.34,0.41,0.39,0.58,0.64,0.55,0.68,0.74
457,"dance","word","action_words",0,0.06,0.05,0.07,0.08,0.08,0.16,0.23,0.35,0.35,0.48,0.65,0.49,0.64,0.66,0.76,0.73,0.86,0.92
458,"draw","word","action_words",0,0,0.04,0.04,0.02,0.07,0.15,0.24,0.29,0.28,0.58,0.56,0.57,0.6,0.7,0.78,0.75,0.83,0.85
459,"give","word","action_words",0,0.02,0.04,0.06,0.05,0.03,0.03,0.07,0.17,0.16,0.25,0.27,0.33,0.44,0.49,0.67,0.52,0.69,0.72
460,"go","word","action_words",0,0.05,0.06,0.06,0.1,0.17,0.23,0.39,0.35,0.35,0.63,0.62,0.62,0.73,0.68,0.86,0.81,0.85,0.77
461,"hate","word","action_words",0,0,0,0.01,0,0.01,0,0,0.03,0,0.03,0.03,0.11,0.08,0.06,0.19,0.1,0.12,0.17
462,"have","word","action_words",0,0,0.01,0.04,0.02,0.01,0,0.05,0.09,0.09,0.16,0.17,0.28,0.33,0.52,0.6,0.48,0.58,0.62
463,"hear","word","action_words",0,0,0.01,0.04,0,0.01,0.01,0.02,0.12,0.03,0.14,0.23,0.21,0.22,0.34,0.46,0.49,0.42,0.57
464,"help","word","action_words",0,0,0.03,0.04,0.03,0.04,0.06,0.13,0.21,0.22,0.36,0.51,0.45,0.58,0.69,0.79,0.78,0.83,0.79
465,"hide","word","action_words",0,0,0.03,0.04,0.02,0.04,0.05,0.07,0.17,0.19,0.32,0.45,0.36,0.44,0.62,0.65,0.64,0.65,0.7
466,"hit","word","action_words",0,0.02,0.03,0.03,0.02,0.03,0.06,0.1,0.17,0.16,0.33,0.42,0.41,0.4,0.58,0.67,0.61,0.74,0.79
467,"hold","word","action_words",0,0,0.02,0.04,0.02,0.02,0.02,0.06,0.12,0.16,0.27,0.41,0.34,0.41,0.56,0.62,0.6,0.6,0.77
468,"open","word","action_words",0,0,0.05,0.07,0.1,0.09,0.19,0.31,0.38,0.37,0.62,0.68,0.61,0.68,0.78,0.85,0.87,0.85,0.83
469,"paint","word","action_words",0,0,0.03,0.04,0.03,0.03,0.06,0.14,0.17,0.18,0.33,0.46,0.5,0.55,0.62,0.71,0.7,0.72,0.75
470,"pick","word","action_words",0,0,0.02,0.01,0,0.01,0,0.02,0.04,0.06,0.15,0.15,0.24,0.19,0.35,0.43,0.33,0.42,0.55
471,"play","word","action_words",0,0,0.04,0.06,0.05,0.08,0.14,0.23,0.32,0.29,0.44,0.68,0.59,0.66,0.7,0.79,0.75,0.85,0.87
472,"pour","word","action_words",0,0,0.02,0.04,0.02,0.03,0.04,0.03,0.04,0.06,0.12,0.15,0.17,0.22,0.29,0.46,0.37,0.45,0.51
473,"pretend","word","action_words",0,0,0.01,0.03,0.02,0.01,0.01,0.02,0.04,0.03,0.1,0.07,0.09,0.11,0.17,0.29,0.25,0.38,0.43
474,"pull","word","action_words",0,0,0.03,0.03,0.02,0.03,0.05,0.1,0.14,0.21,0.23,0.31,0.32,0.33,0.52,0.54,0.52,0.63,0.6
475,"push","word","action_words",0,0,0.04,0.04,0.03,0.08,0.07,0.23,0.23,0.22,0.48,0.52,0.46,0.56,0.62,0.67,0.69,0.75,0.74
476,"put","word","action_words",0,0,0.01,0.01,0.05,0.03,0.01,0.06,0.09,0.07,0.15,0.25,0.34,0.29,0.43,0.53,0.45,0.52,0.62
477,"sleep","word","action_words",0,0,0.05,0.07,0.07,0.1,0.16,0.3,0.36,0.43,0.53,0.66,0.57,0.68,0.75,0.82,0.87,0.85,0.89
478,"slide","word","action_words",0,0,0.02,0.04,0.02,0.06,0.05,0.12,0.13,0.1,0.27,0.3,0.41,0.46,0.47,0.64,0.66,0.63,0.77
479,"smell","word","action_words",0,0,0.02,0.03,0.03,0.04,0.05,0.09,0.15,0.12,0.26,0.3,0.36,0.36,0.48,0.56,0.48,0.58,0.72
480,"smile","word","action_words",0,0,0.03,0.07,0.02,0.02,0.05,0.09,0.12,0.15,0.23,0.38,0.34,0.32,0.45,0.61,0.57,0.6,0.57
481,"spill","word","action_words",0,0,0.01,0.03,0.02,0.01,0.01,0.06,0.04,0.1,0.19,0.2,0.24,0.24,0.38,0.47,0.43,0.49,0.66
482,"splash","word","action_words",0,0,0.02,0.04,0.02,0.08,0.12,0.19,0.17,0.22,0.4,0.41,0.43,0.48,0.52,0.6,0.63,0.66,0.79
483,"stand","word","action_words",0,0,0.04,0.04,0.05,0.02,0.05,0.06,0.12,0.1,0.32,0.37,0.36,0.41,0.48,0.6,0.51,0.58,0.68
484,"stay","word","action_words",0,0,0.03,0.04,0.08,0.01,0.04,0.08,0.13,0.07,0.26,0.27,0.37,0.36,0.48,0.58,0.55,0.52,0.7
485,"stop","word","action_words",0,0.05,0.05,0.07,0.1,0.1,0.18,0.26,0.4,0.41,0.58,0.62,0.63,0.69,0.81,0.82,0.88,0.88,0.83
486,"walk","word","action_words",0,0,0.05,0.04,0.08,0.11,0.12,0.27,0.45,0.38,0.6,0.66,0.62,0.69,0.75,0.82,0.88,0.86,0.89
487,"wash","word","action_words",0,0,0.04,0.04,0.03,0.05,0.07,0.19,0.24,0.25,0.42,0.55,0.46,0.64,0.68,0.71,0.76,0.8,0.89
488,"watch","word","action_words",0,0,0.01,0.04,0,0.02,0.05,0.11,0.14,0.03,0.27,0.34,0.3,0.41,0.56,0.64,0.61,0.65,0.68
489,"wipe","word","action_words",0,0,0.05,0.06,0.05,0.06,0.06,0.08,0.13,0.16,0.21,0.42,0.41,0.4,0.53,0.65,0.6,0.69,0.75
490,"wish","word","action_words",0,0,0.01,0.03,0.02,0.01,0.01,0.02,0.06,0,0.04,0.04,0.13,0.07,0.17,0.22,0.18,0.23,0.25
491,"work","word","action_words",0.01,0,0.03,0.03,0.03,0.03,0.06,0.12,0.18,0.21,0.34,0.49,0.54,0.56,0.65,0.75,0.67,0.78,0.79
492,"write","word","action_words",0,0,0.02,0.03,0.02,0.03,0.03,0.06,0.12,0.07,0.15,0.27,0.26,0.36,0.38,0.47,0.43,0.51,0.53
493,"all gone","word","descriptive_words",0,0.08,0.19,0.2,0.33,0.33,0.52,0.69,0.64,0.76,0.79,0.82,0.84,0.76,0.88,0.9,0.91,0.89,0.91
494,"asleep","word","descriptive_words",0,0,0.05,0.04,0.05,0.08,0.04,0.23,0.31,0.31,0.42,0.55,0.51,0.58,0.68,0.76,0.84,0.8,0.81
495,"awake","word","descriptive_words",0,0,0.04,0.04,0.02,0.02,0.06,0.08,0.1,0.16,0.34,0.38,0.38,0.49,0.61,0.74,0.7,0.77,0.75
496,"bad","word","descriptive_words",0,0,0.02,0.03,0.03,0.03,0.07,0.07,0.09,0.13,0.23,0.28,0.38,0.28,0.39,0.44,0.48,0.51,0.62
497,"better","word","descriptive_words",0,0,0.02,0.03,0.05,0.02,0.04,0.08,0.12,0.13,0.22,0.35,0.34,0.28,0.55,0.61,0.51,0.68,0.66
498,"big","word","descriptive_words",0,0,0.02,0.04,0.03,0.06,0.06,0.15,0.28,0.24,0.41,0.58,0.58,0.69,0.7,0.82,0.84,0.85,0.87
499,"black","word","descriptive_words",0,0,0.03,0.03,0.02,0.03,0.02,0.07,0.06,0.12,0.23,0.3,0.33,0.46,0.56,0.64,0.49,0.65,0.68
500,"blue","word","descriptive_words",0,0,0.04,0.04,0.05,0.08,0.13,0.23,0.23,0.34,0.51,0.51,0.61,0.69,0.73,0.85,0.78,0.86,0.91
501,"broken","word","descriptive_words",0,0,0.04,0.04,0.03,0.06,0.09,0.19,0.36,0.29,0.44,0.68,0.66,0.65,0.7,0.83,0.82,0.8,0.91
502,"brown","word","descriptive_words",0,0,0.03,0,0.02,0.02,0.01,0.05,0.05,0.07,0.15,0.23,0.22,0.28,0.43,0.58,0.48,0.62,0.74
503,"careful","word","descriptive_words",0,0,0.04,0.03,0.02,0.03,0.06,0.06,0.14,0.1,0.32,0.38,0.41,0.46,0.56,0.58,0.52,0.6,0.77
504,"clean","word","descriptive_words",0,0,0.04,0.03,0.03,0.04,0.09,0.16,0.22,0.16,0.3,0.42,0.5,0.53,0.68,0.72,0.78,0.75,0.87
505,"cold","word","descriptive_words",0,0,0.06,0.04,0.08,0.1,0.23,0.35,0.37,0.49,0.63,0.63,0.68,0.74,0.79,0.92,0.79,0.85,0.94
506,"cute","word","descriptive_words",0,0,0.03,0.04,0.02,0.02,0.05,0.05,0.08,0.1,0.12,0.15,0.2,0.24,0.29,0.44,0.33,0.42,0.53
507,"dark","word","descriptive_words",0,0,0.03,0.03,0.05,0.04,0.06,0.1,0.15,0.12,0.23,0.2,0.39,0.48,0.6,0.67,0.54,0.65,0.72
508,"dirty","word","descriptive_words",0,0,0.06,0.04,0.08,0.06,0.09,0.23,0.35,0.38,0.51,0.68,0.67,0.72,0.74,0.81,0.84,0.82,0.91
509,"dry","word","descriptive_words",0,0,0.03,0.03,0.02,0.04,0.04,0.09,0.1,0.12,0.21,0.27,0.34,0.32,0.48,0.57,0.64,0.6,0.68
510,"easy","word","descriptive_words",0,0,0,0,0.02,0.02,0.02,0,0.05,0,0.05,0.06,0.12,0.12,0.13,0.29,0.21,0.28,0.26
511,"empty","word","descriptive_words",0,0,0.04,0.04,0.05,0.02,0.06,0.13,0.19,0.16,0.27,0.37,0.39,0.42,0.45,0.61,0.61,0.66,0.7
512,"fast","word","descriptive_words",0,0,0.04,0.04,0.02,0.03,0.02,0.08,0.12,0.06,0.23,0.38,0.37,0.42,0.57,0.72,0.6,0.68,0.81
513,"fine","word","descriptive_words",0,0,0,0.01,0.02,0,0,0,0.05,0,0.03,0.04,0.09,0.09,0.16,0.25,0.19,0.2,0.21
514,"first","word","descriptive_words",0,0,0.01,0.04,0.02,0.01,0,0.03,0.04,0.03,0.14,0.14,0.22,0.25,0.34,0.56,0.37,0.45,0.49
515,"full","word","descriptive_words",0,0,0.02,0.03,0.03,0.02,0.02,0.04,0.09,0.06,0.18,0.28,0.37,0.38,0.43,0.58,0.57,0.57,0.64
516,"gentle","word","descriptive_words",0,0.02,0.05,0.04,0.03,0.04,0.06,0.13,0.17,0.13,0.26,0.27,0.38,0.39,0.56,0.62,0.6,0.6,0.64
517,"good","word","descriptive_words",0,0.02,0.04,0.04,0.08,0.08,0.12,0.18,0.24,0.22,0.44,0.48,0.41,0.52,0.64,0.68,0.64,0.74,0.74
518,"green","word","descriptive_words",0,0,0.04,0.03,0.02,0.06,0.06,0.11,0.15,0.19,0.36,0.41,0.46,0.58,0.66,0.75,0.69,0.77,0.83
519,"happy","word","descriptive_words",0,0,0.02,0.04,0.03,0.04,0.06,0.19,0.19,0.18,0.33,0.46,0.46,0.46,0.6,0.69,0.75,0.74,0.85
520,"hard","word","descriptive_words",0,0,0.02,0.03,0.02,0.01,0.02,0.05,0.08,0.09,0.19,0.24,0.28,0.28,0.39,0.47,0.48,0.54,0.64
521,"heavy","word","descriptive_words",0,0,0.03,0.04,0,0.01,0.05,0.08,0.13,0.22,0.29,0.46,0.47,0.47,0.53,0.69,0.7,0.71,0.81
522,"high","word","descriptive_words",0,0,0.04,0.03,0.02,0.04,0.03,0.06,0.13,0.09,0.19,0.3,0.36,0.38,0.48,0.56,0.54,0.6,0.68
523,"hot","word","descriptive_words",0,0.02,0.12,0.07,0.15,0.23,0.32,0.42,0.5,0.6,0.77,0.8,0.72,0.82,0.84,0.92,0.88,0.86,0.92
524,"hungry","word","descriptive_words",0,0,0.03,0.04,0.02,0.06,0.04,0.1,0.15,0.15,0.26,0.31,0.37,0.42,0.51,0.65,0.58,0.63,0.81
525,"hurt","word","descriptive_words",0,0,0.02,0.03,0.07,0.02,0.06,0.09,0.21,0.12,0.32,0.45,0.5,0.52,0.57,0.72,0.7,0.66,0.79
526,"last","word","descriptive_words",0,0,0.02,0.01,0.02,0.02,0,0.02,0.04,0,0.05,0.04,0.11,0.09,0.19,0.25,0.27,0.29,0.34
527,"little","word","descriptive_words",0,0,0.01,0.03,0.07,0.02,0.04,0.05,0.15,0.1,0.32,0.34,0.34,0.49,0.49,0.67,0.6,0.69,0.72
528,"long","word","descriptive_words",0,0,0.02,0.01,0.02,0.01,0.01,0.02,0.05,0,0.11,0.1,0.16,0.19,0.27,0.4,0.33,0.4,0.49
529,"loud","word","descriptive_words",0,0,0.03,0.04,0.02,0.01,0.03,0.06,0.14,0.07,0.19,0.24,0.29,0.38,0.47,0.6,0.57,0.57,0.75
530,"mad","word","descriptive_words",0,0,0.01,0.03,0.02,0.01,0,0,0.04,0.01,0.07,0.08,0.13,0.09,0.18,0.21,0.18,0.26,0.25
531,"nasty","word","descriptive_words",0,0,0.01,0,0,0.01,0,0.01,0.04,0.01,0.03,0.03,0.08,0.07,0.06,0.17,0.07,0.2,0.19
532,"naughty","word","descriptive_words",0,0,0.04,0.03,0.05,0.03,0.13,0.15,0.23,0.21,0.33,0.54,0.58,0.51,0.56,0.74,0.64,0.68,0.77
533,"new","word","descriptive_words",0,0,0.01,0.01,0.02,0,0.01,0.04,0.05,0.06,0.18,0.15,0.2,0.26,0.39,0.44,0.4,0.48,0.64
534,"nice","word","descriptive_words",0,0,0.03,0.03,0.03,0.1,0.13,0.15,0.24,0.19,0.47,0.44,0.43,0.42,0.56,0.61,0.43,0.52,0.62
535,"noisy","word","descriptive_words",0,0,0.02,0.04,0.02,0.01,0.06,0.11,0.22,0.16,0.25,0.34,0.43,0.45,0.57,0.65,0.52,0.65,0.72
536,"old","word","descriptive_words",0,0,0.01,0.03,0,0,0,0.03,0.05,0.04,0.14,0.13,0.16,0.25,0.29,0.33,0.28,0.4,0.51
537,"orange","word","descriptive_words",0,0,0.04,0.01,0.07,0.09,0.07,0.15,0.18,0.22,0.38,0.46,0.46,0.48,0.62,0.72,0.61,0.77,0.75
538,"poor","word","descriptive_words",0,0,0.01,0.01,0,0.02,0,0.05,0.05,0.04,0.08,0.13,0.13,0.11,0.22,0.29,0.16,0.22,0.28
539,"pretty","word","descriptive_words",0,0,0.02,0.04,0.05,0.05,0.1,0.17,0.22,0.24,0.26,0.42,0.41,0.48,0.47,0.57,0.6,0.55,0.62
540,"quiet","word","descriptive_words",0,0,0.04,0.04,0.02,0.01,0.05,0.05,0.13,0.06,0.18,0.21,0.24,0.34,0.45,0.54,0.54,0.62,0.72
541,"red","word","descriptive_words",0,0,0.05,0.03,0.07,0.04,0.04,0.13,0.21,0.25,0.37,0.46,0.51,0.62,0.66,0.85,0.72,0.75,0.81
542,"sad","word","descriptive_words",0,0,0.01,0.03,0.03,0.04,0.01,0.08,0.13,0.1,0.26,0.31,0.34,0.39,0.56,0.72,0.64,0.69,0.72
543,"scared","word","descriptive_words",0,0,0.02,0.03,0,0,0,0.02,0.13,0.04,0.16,0.31,0.26,0.36,0.49,0.58,0.51,0.57,0.66
544,"sick","word","descriptive_words",0,0,0.04,0.03,0.05,0.05,0.04,0.1,0.14,0.12,0.27,0.41,0.45,0.41,0.6,0.69,0.67,0.71,0.75
545,"sleepy","word","descriptive_words",0,0,0.02,0.03,0.03,0.04,0.06,0.08,0.1,0.13,0.14,0.3,0.26,0.22,0.43,0.54,0.48,0.43,0.55
546,"slow","word","descriptive_words",0,0,0.01,0.03,0.02,0.03,0,0.02,0.06,0.04,0.19,0.17,0.22,0.26,0.38,0.5,0.42,0.43,0.58
547,"soft","word","descriptive_words",0,0,0.03,0.03,0.03,0.04,0.03,0.08,0.15,0.06,0.19,0.27,0.3,0.35,0.43,0.46,0.51,0.52,0.6
548,"sticky","word","descriptive_words",0,0,0.02,0.03,0.03,0.02,0.04,0.14,0.17,0.19,0.27,0.39,0.36,0.38,0.56,0.61,0.58,0.62,0.68
549,"stuck","word","descriptive_words",0,0,0.01,0.04,0.08,0.07,0.17,0.19,0.27,0.24,0.41,0.44,0.42,0.54,0.55,0.67,0.61,0.55,0.7
550,"thirsty","word","descriptive_words",0,0,0.03,0.04,0.03,0.02,0.03,0.05,0.15,0.12,0.12,0.27,0.29,0.34,0.47,0.6,0.55,0.51,0.68
551,"tiny","word","descriptive_words",0,0,0,0.01,0.02,0.02,0.01,0.01,0.04,0.06,0.05,0.07,0.13,0.13,0.21,0.28,0.28,0.28,0.4
552,"tired","word","descriptive_words",0,0,0.03,0.04,0,0.01,0.05,0.09,0.12,0.06,0.22,0.37,0.36,0.44,0.55,0.65,0.55,0.68,0.79
553,"wet","word","descriptive_words",0,0,0.05,0.04,0.05,0.11,0.13,0.24,0.31,0.44,0.59,0.62,0.7,0.72,0.78,0.86,0.85,0.88,0.87
554,"white","word","descriptive_words",0,0,0.03,0.01,0.03,0.03,0.02,0.06,0.08,0.13,0.21,0.27,0.32,0.4,0.53,0.65,0.52,0.68,0.72
555,"windy","word","descriptive_words",0,0,0.02,0.04,0.03,0.01,0.05,0.1,0.1,0.09,0.21,0.28,0.38,0.47,0.52,0.75,0.6,0.68,0.79
556,"yellow","word","descriptive_words",0,0,0.05,0.03,0.07,0.05,0.06,0.17,0.14,0.18,0.27,0.42,0.47,0.64,0.64,0.79,0.67,0.77,0.79
557,"yucky","word","descriptive_words",0,0.02,0.07,0.07,0.15,0.17,0.3,0.39,0.38,0.46,0.6,0.68,0.7,0.69,0.81,0.79,0.84,0.77,0.85
558,"yummy","word","descriptive_words",0.01,0.06,0.09,0.23,0.22,0.31,0.32,0.52,0.47,0.53,0.58,0.77,0.7,0.75,0.74,0.82,0.84,0.89,0.89
